file_style_id,file,origin_tool,ifc_schema,style_code,handing,shape,operation_guess,panel_config_guess,classification_confidence,classification_basis,classification_evidence,golden_target_verdict,bakedness_class,parametric_integrity_score,geometry,has_lining_props,has_panel_props,source_style_name,window_count,source,source_url,provenance_note,license_note
F001,wall-with-opening-and-window.ifc,Test Application,IFC4,UNCLASSIFIED,-,RECT,UNKNOWN,SINGLE,low,none,name='window for test example window' part=SINGLE_PANEL panel_ops=-,needs_style_review,SEMI_PARAMETRIC,70,parametric_swept,False,False,Window for Test Example,1,downloaded,https://github.com/buildingSMART/Sample-Test-Files,Test Application; open test fixture,open fixture; verify per-file author/license
F002,IfcOpenHouse_IFC4.ifc,IfcOpenShell,IFC4,UNCLASSIFIED,-,RECT,UNKNOWN,SINGLE,low,none,name='' part=None panel_ops=-,specimen_only,STUB_NO_GEOMETRY,10,none_or_unknown,False,False,unnamed,5,downloaded,https://github.com/ThatOpen/engine_web-ifc,IfcOpenShell; open test fixture,open fixture; verify per-file author/license
F003,ISSUE_171_IfcSurfaceCurveSweptAreaSolid.ifc,n/a,IFC4,UNCLASSIFIED,-,RECT,UNKNOWN,SINGLE,low,none,name='living outside window cellcomp' part=SINGLE_PANEL panel_ops=-,specimen_only,BAKED_WITH_METADATA,35,explicit_baked,False,False,CellComplex/sash_big,11,downloaded,https://github.com/ThatOpen/engine_web-ifc,n/a; open test fixture,open fixture; verify per-file author/license
F004,ISSUE_171_IfcSurfaceCurveSweptAreaSolid.ifc,n/a,IFC4,UNCLASSIFIED,-,RECT,UNKNOWN,SINGLE,low,none,name='living outside window cellcomp' part=SINGLE_PANEL panel_ops=-,specimen_only,BAKED_WITH_METADATA,35,explicit_baked,False,False,CellComplex/sash_shortest,5,downloaded,https://github.com/ThatOpen/engine_web-ifc,n/a; open test fixture,open fixture; verify per-file author/license
F005,tested_sample_project.ifc,Autodesk Revit 2021 (ESP),IFC2X3,UNCLASSIFIED,-,RECT,UNKNOWN,SINGLE,low,none,name='ventana simple:100 x 100 cm:16' part=NOTDEFINED panel_ops=-,specimen_only,BAKED_WITH_METADATA,37,explicit_baked,True,False,Ventana simple:100 x 100 cm,9,downloaded,https://github.com/ThatOpen/engine_web-ifc,Autodesk Revit 2021 (ESP); open test fixture,open fixture; verify per-file author/license
F006,duplex.ifc,Autodesk Revit Architecture 2011,IFC2X3,WIN-FIXED-SINGLE,-,RECT,FIXED,SINGLE,medium,family_name,name='m_fixed:4835mm x 2420mm:4835mm' part=NOTDEFINED panel_ops=-,candidate_review,SEMI_PARAMETRIC,72,parametric_swept,True,False,4835mm x 2420mm,2,downloaded,https://github.com/ThatOpen/engine_web-ifc,Autodesk Revit Architecture 2011; open test fixture,open fixture; verify per-file author/license
F007,duplex.ifc,Autodesk Revit Architecture 2011,IFC2X3,WIN-FIXED-SINGLE,-,RECT,FIXED,SINGLE,medium,family_name,name='m_fixed:750mm x 2200mm:750mm x' part=NOTDEFINED panel_ops=-,candidate_review,SEMI_PARAMETRIC,72,parametric_swept,True,False,750mm x 2200mm,4,downloaded,https://github.com/ThatOpen/engine_web-ifc,Autodesk Revit Architecture 2011; open test fixture,open fixture; verify per-file author/license
F008,duplex.ifc,Autodesk Revit Architecture 2011,IFC2X3,WIN-FIXED-SINGLE,-,RECT,FIXED,SINGLE,medium,family_name,name='m_fixed:2800mm x 2410mm:2800mm' part=NOTDEFINED panel_ops=-,candidate_review,SEMI_PARAMETRIC,72,parametric_swept,True,False,2800mm x 2410mm,4,downloaded,https://github.com/ThatOpen/engine_web-ifc,Autodesk Revit Architecture 2011; open test fixture,open fixture; verify per-file author/license
F009,duplex.ifc,Autodesk Revit Architecture 2011,IFC2X3,WIN-FIXED-SINGLE,-,RECT,FIXED,SINGLE,medium,family_name,name='m_fixed:819mm x 759mm:819mm x ' part=NOTDEFINED panel_ops=-,candidate_review,SEMI_PARAMETRIC,72,parametric_swept,True,False,819mm x 759mm,8,downloaded,https://github.com/ThatOpen/engine_web-ifc,Autodesk Revit Architecture 2011; open test fixture,open fixture; verify per-file author/license
F010,duplex.ifc,Autodesk Revit Architecture 2011,IFC2X3,WIN-CASEMENT-SINGLE,-,RECT,CASEMENT,SINGLE,medium,family_name,name='m_casement:819mm x 759mm:819mm' part=NOTDEFINED panel_ops=-,candidate_review,SEMI_PARAMETRIC,72,parametric_swept,True,False,819mm x 759mm,4,downloaded,https://github.com/ThatOpen/engine_web-ifc,Autodesk Revit Architecture 2011; open test fixture,open fixture; verify per-file author/license
F011,duplex.ifc,Autodesk Revit Architecture 2011,IFC2X3,WIN-SKYLIGHT-SINGLE,-,RECT,SKYLIGHT,SINGLE,medium,family_name,name='m_skylight:1180 x 1170mm:1180 ' part=NOTDEFINED panel_ops=-,specimen_only,BAKED_WITH_METADATA,37,explicit_baked,True,False,1180 x 1170mm,2,downloaded,https://github.com/ThatOpen/engine_web-ifc,Autodesk Revit Architecture 2011; open test fixture,open fixture; verify per-file author/license
F012,ISSUE_005_haus.ifc,ARCHICAD-64,IFC4,WIN-CASEMENT-DBL_V,-,RECT,CASEMENT,DBL_V,high,panel_operation_enum,"name='eg-fenster-6 ifc fenster - zwe' part=NOTDEFINED panel_ops=['SIDEHUNGRIGHTHAND', 'SIDEHUNGLEFTHAND']",candidate,SEMI_PARAMETRIC,55,explicit_baked,True,True,IFC Fenster - zwei Panele - Vertikal,5,downloaded,https://github.com/ThatOpen/engine_web-ifc,ARCHICAD-64; open test fixture,open fixture; verify per-file author/license
F013,ISSUE_005_haus.ifc,ARCHICAD-64,IFC4,WIN-CASEMENT-DBL_V,-,RECT,CASEMENT,DBL_V,high,panel_operation_enum,"name='eg-fenster-7 ifc fenster - zwe' part=NOTDEFINED panel_ops=['SIDEHUNGLEFTHAND', 'SIDEHUNGRIGHTHAND']",candidate,SEMI_PARAMETRIC,55,explicit_baked,True,True,IFC Fenster - zwei Panele - Vertikal,4,downloaded,https://github.com/ThatOpen/engine_web-ifc,ARCHICAD-64; open test fixture,open fixture; verify per-file author/license
F014,ISSUE_005_haus.ifc,ARCHICAD-64,IFC4,WIN-FIXED-SINGLE,-,ROUND,FIXED,SINGLE,low,shape_name,name='og-fenster-2 rundfenster 13' part=NOTDEFINED panel_ops=-,needs_style_review,SEMI_PARAMETRIC,50,explicit_baked,True,True,Rundfenster 13,2,downloaded,https://github.com/ThatOpen/engine_web-ifc,ARCHICAD-64; open test fixture,open fixture; verify per-file author/license
F015,AC20-FZK-Haus.ifc,ARCHICAD-64,IFC4,WIN-CASEMENT-DBL_V,-,RECT,CASEMENT,DBL_V,high,panel_operation_enum,"name='eg-fenster-6 ifc fenster - zwe' part=NOTDEFINED panel_ops=['SIDEHUNGRIGHTHAND', 'SIDEHUNGLEFTHAND']",candidate,SEMI_PARAMETRIC,55,explicit_baked,True,True,IFC Fenster - zwei Panele - Vertikal,5,downloaded,https://github.com/ThatOpen/engine_web-ifc,ARCHICAD-64; open test fixture,open fixture; verify per-file author/license
F016,AC20-FZK-Haus.ifc,ARCHICAD-64,IFC4,WIN-CASEMENT-DBL_V,-,RECT,CASEMENT,DBL_V,high,panel_operation_enum,"name='eg-fenster-7 ifc fenster - zwe' part=NOTDEFINED panel_ops=['SIDEHUNGLEFTHAND', 'SIDEHUNGRIGHTHAND']",candidate,SEMI_PARAMETRIC,55,explicit_baked,True,True,IFC Fenster - zwei Panele - Vertikal,4,downloaded,https://github.com/ThatOpen/engine_web-ifc,ARCHICAD-64; open test fixture,open fixture; verify per-file author/license
F017,AC20-FZK-Haus.ifc,ARCHICAD-64,IFC4,WIN-FIXED-SINGLE,-,ROUND,FIXED,SINGLE,low,shape_name,name='og-fenster-2 rundfenster 13' part=NOTDEFINED panel_ops=-,needs_style_review,SEMI_PARAMETRIC,50,explicit_baked,True,True,Rundfenster 13,2,downloaded,https://github.com/ThatOpen/engine_web-ifc,ARCHICAD-64; open test fixture,open fixture; verify per-file author/license
F018,Office_A_20110811.ifc,Autodesk Revit Architecture 2011,IFC2X3,WIN-FIXED-SINGLE,-,RECT,FIXED,SINGLE,medium,family_name,name='m_fixed:1220 x 1500:1220 x 150' part=NOTDEFINED panel_ops=-,candidate_review,SEMI_PARAMETRIC,72,parametric_swept,True,False,1220 x 1500,65,downloaded,https://github.com/ThatOpen/engine_web-ifc,Autodesk Revit Architecture 2011; open test fixture,open fixture; verify per-file author/license
F019,Office_A_20110811.ifc,Autodesk Revit Architecture 2011,IFC2X3,WIN-FIXED-SINGLE,-,RECT,FIXED,SINGLE,medium,family_name,name='m_fixed:1000 x 1000:1000 x 100' part=NOTDEFINED panel_ops=-,candidate_review,SEMI_PARAMETRIC,72,parametric_swept,True,False,1000 x 1000,2,downloaded,https://github.com/ThatOpen/engine_web-ifc,Autodesk Revit Architecture 2011; open test fixture,open fixture; verify per-file author/license
F020,Office_A_20110811.ifc,Autodesk Revit Architecture 2011,IFC2X3,WIN-FIXED-SINGLE,-,RECT,FIXED,SINGLE,medium,family_name,name='m_fixed:4000 x 1000:4000 x 100' part=NOTDEFINED panel_ops=-,candidate_review,SEMI_PARAMETRIC,72,parametric_swept,True,False,4000 x 1000,1,downloaded,https://github.com/ThatOpen/engine_web-ifc,Autodesk Revit Architecture 2011; open test fixture,open fixture; verify per-file author/license
F021,Office_A_20110811.ifc,Autodesk Revit Architecture 2011,IFC2X3,WIN-FIXED-SINGLE,-,RECT,FIXED,SINGLE,medium,family_name,name='m_fixed:1000 x 2000:1000 x 200' part=NOTDEFINED panel_ops=-,candidate_review,SEMI_PARAMETRIC,72,parametric_swept,True,False,1000 x 2000,1,downloaded,https://github.com/ThatOpen/engine_web-ifc,Autodesk Revit Architecture 2011; open test fixture,open fixture; verify per-file author/license
F022,ISSUE_126_model.ifc,ARCHICAD-64,IFC2X3,UNCLASSIFIED,-,RECT,UNKNOWN,SINGLE,low,none,name='w-58 multi window 4d' part=NOTDEFINED panel_ops=-,specimen_only,BAKED_WITH_METADATA,25,explicit_baked,False,False,Multi Window 4D,11,downloaded,https://github.com/ThatOpen/engine_web-ifc,ARCHICAD-64; open test fixture,open fixture; verify per-file author/license
F023,ISSUE_126_model.ifc,ARCHICAD-64,IFC2X3,WIN-SLIDER-DBL_V,-,RECT,SLIDER,DBL_V,medium,family_name,name='w-61 sliding door 4d' part=NOTDEFINED panel_ops=-,specimen_only,BAKED_WITH_METADATA,25,explicit_baked,False,False,Sliding door 4D,2,downloaded,https://github.com/ThatOpen/engine_web-ifc,ARCHICAD-64; open test fixture,open fixture; verify per-file author/license
F024,ISSUE_034_HouseZ.ifc,Asuni IFC Rhino Export Plug-In,IFC2X3,UNCLASSIFIED,-,RECT,UNKNOWN,SINGLE,low,none,name='' part=None panel_ops=-,specimen_only,FULLY_BAKED,0,explicit_baked,False,False,unnamed,22,downloaded,https://github.com/ThatOpen/engine_web-ifc,Asuni IFC Rhino Export Plug-In; open test fixture,open fixture; verify per-file author/license
F025,ISSUE_159_kleine_Wohnung_R22.ifc,Autodesk Revit 2022 (DEU),IFC4,UNCLASSIFIED,-,RECT,UNKNOWN,SINGLE,low,none,name='fe_tuer_2-tlg:dk_dk_1800x2250_' part=NOTDEFINED panel_ops=-,specimen_only,BAKED_WITH_METADATA,42,explicit_baked,True,False,FE_TUER_2-tlg:DK_DK_1800x2250_FB_200,2,downloaded,https://github.com/ThatOpen/engine_web-ifc,Autodesk Revit 2022 (DEU); open test fixture,open fixture; verify per-file author/license
F026,ISSUE_159_kleine_Wohnung_R22.ifc,Autodesk Revit 2022 (DEU),IFC4,UNCLASSIFIED,-,RECT,UNKNOWN,SINGLE,low,none,name='fe_tuer_2-tlg:dk_dk_1800x2250_' part=NOTDEFINED panel_ops=-,specimen_only,BAKED_WITH_METADATA,42,explicit_baked,True,False,FE_TUER_2-tlg:DK_DK_1800x2250_FB_200 2,5,downloaded,https://github.com/ThatOpen/engine_web-ifc,Autodesk Revit 2022 (DEU); open test fixture,open fixture; verify per-file author/license
F027,ISSUE_159_kleine_Wohnung_R22.ifc,Autodesk Revit 2022 (DEU),IFC4,UNCLASSIFIED,-,RECT,UNKNOWN,SINGLE,low,none,name='fe_tuer_2-tlg:dk_dk_2050x2250_' part=NOTDEFINED panel_ops=-,specimen_only,BAKED_WITH_METADATA,42,explicit_baked,True,False,FE_TUER_2-tlg:DK_DK_2050x2250_FB_200 3,3,downloaded,https://github.com/ThatOpen/engine_web-ifc,Autodesk Revit 2022 (DEU); open test fixture,open fixture; verify per-file author/license
F028,ISSUE_159_kleine_Wohnung_R22.ifc,Autodesk Revit 2022 (DEU),IFC4,UNCLASSIFIED,-,RECT,UNKNOWN,SINGLE,low,none,name='fe_1-tlg:kf_1000x1350:333678 f' part=NOTDEFINED panel_ops=-,specimen_only,BAKED_WITH_METADATA,42,explicit_baked,True,False,FE_1-tlg:KF_1000x1350,11,downloaded,https://github.com/ThatOpen/engine_web-ifc,Autodesk Revit 2022 (DEU); open test fixture,open fixture; verify per-file author/license
F029,ISSUE_159_kleine_Wohnung_R22.ifc,Autodesk Revit 2022 (DEU),IFC4,UNCLASSIFIED,-,RECT,UNKNOWN,SINGLE,low,none,name='fe_tuer_2-tlg:dk_dk_1800x2250_' part=NOTDEFINED panel_ops=-,specimen_only,BAKED_WITH_METADATA,42,explicit_baked,True,False,FE_TUER_2-tlg:DK_DK_1800x2250_FB_200,2,downloaded,https://github.com/ThatOpen/engine_web-ifc,Autodesk Revit 2022 (DEU); open test fixture,open fixture; verify per-file author/license
F030,ISSUE_159_kleine_Wohnung_R22.ifc,Autodesk Revit 2022 (DEU),IFC4,UNCLASSIFIED,-,RECT,UNKNOWN,SINGLE,low,none,name='fe_tuer_2-tlg:dk_dk_1800x2250_' part=NOTDEFINED panel_ops=-,specimen_only,BAKED_WITH_METADATA,42,explicit_baked,True,False,FE_TUER_2-tlg:DK_DK_1800x2250_FB_200 2,4,downloaded,https://github.com/ThatOpen/engine_web-ifc,Autodesk Revit 2022 (DEU); open test fixture,open fixture; verify per-file author/license
F031,ISSUE_159_kleine_Wohnung_R22.ifc,Autodesk Revit 2022 (DEU),IFC4,UNCLASSIFIED,-,RECT,UNKNOWN,SINGLE,low,none,name='fe_1-tlg:kf_1000x1350:334544 f' part=NOTDEFINED panel_ops=-,specimen_only,BAKED_WITH_METADATA,42,explicit_baked,True,False,FE_1-tlg:KF_1000x1350,7,downloaded,https://github.com/ThatOpen/engine_web-ifc,Autodesk Revit 2022 (DEU); open test fixture,open fixture; verify per-file author/license
F032,ISSUE_159_kleine_Wohnung_R22.ifc,Autodesk Revit 2022 (DEU),IFC4,UNCLASSIFIED,-,RECT,UNKNOWN,SINGLE,low,none,name='fe_tuer_2-tlg:dk_dk_2050x2250_' part=NOTDEFINED panel_ops=-,specimen_only,BAKED_WITH_METADATA,42,explicit_baked,True,False,FE_TUER_2-tlg:DK_DK_2050x2250_FB_200 3,3,downloaded,https://github.com/ThatOpen/engine_web-ifc,Autodesk Revit 2022 (DEU); open test fixture,open fixture; verify per-file author/license
F033,ISSUE_159_kleine_Wohnung_R22.ifc,Autodesk Revit 2022 (DEU),IFC4,UNCLASSIFIED,-,RECT,UNKNOWN,SINGLE,low,none,name='175_2-tlg:dk_1640x1350:348424 ' part=NOTDEFINED panel_ops=-,specimen_only,BAKED_WITH_METADATA,42,explicit_baked,True,False,175_2-tlg:DK_1640x1350,6,downloaded,https://github.com/ThatOpen/engine_web-ifc,Autodesk Revit 2022 (DEU); open test fixture,open fixture; verify per-file author/license
F034,ISSUE_159_kleine_Wohnung_R22.ifc,Autodesk Revit 2022 (DEU),IFC4,UNCLASSIFIED,-,RECT,UNKNOWN,SINGLE,low,none,name='175_2-tlg:dk_1640x1350:348789 ' part=NOTDEFINED panel_ops=-,specimen_only,BAKED_WITH_METADATA,42,explicit_baked,True,False,175_2-tlg:DK_1640x1350,7,downloaded,https://github.com/ThatOpen/engine_web-ifc,Autodesk Revit 2022 (DEU); open test fixture,open fixture; verify per-file author/license
F035,ISSUE_159_kleine_Wohnung_R22.ifc,Autodesk Revit 2022 (DEU),IFC4,UNCLASSIFIED,-,RECT,UNKNOWN,SINGLE,low,none,name='gpu_v_1.01:default:372964 gpu_' part=NOTDEFINED panel_ops=-,specimen_only,BAKED_WITH_METADATA,42,explicit_baked,True,False,GPU_v_1.01:Default,2,downloaded,https://github.com/ThatOpen/engine_web-ifc,Autodesk Revit 2022 (DEU); open test fixture,open fixture; verify per-file author/license
F036,C20-Institute-Var-2.ifc,ARCHICAD-64,IFC4,WIN-CASEMENT-SINGLE,L,RECT,CASEMENT,SINGLE,high,panel_operation_enum,name='fenster-004 ifc fenster - ein ' part=NOTDEFINED panel_ops=['SIDEHUNGLEFTHAND'],candidate,SEMI_PARAMETRIC,55,explicit_baked,True,True,IFC Fenster - ein Panel,206,downloaded,https://github.com/ThatOpen/engine_web-ifc,ARCHICAD-64; open test fixture,open fixture; verify per-file author/license
F037,dental_clinic.ifc,Autodesk Revit Architecture 2011,IFC2X3,WIN-FIXED-SINGLE,-,RECT,FIXED,SINGLE,medium,family_name,name='m_fixed:1735 x 1000mm:1735 x 1' part=NOTDEFINED panel_ops=-,candidate_review,SEMI_PARAMETRIC,72,parametric_swept,True,False,1735 x 1000mm,58,downloaded,https://github.com/ThatOpen/engine_web-ifc,Autodesk Revit Architecture 2011; open test fixture,open fixture; verify per-file author/license
F038,FM_ARC_DigitalHub.ifc,Autodesk Revit 2019 (DEU),IFC4,UNCLASSIFIED,-,RECT,UNKNOWN,SINGLE,low,none,name='fe 3 tlg - dk-fix im rahmen-dk' part=NOTDEFINED panel_ops=-,specimen_only,BAKED_WITH_METADATA,42,explicit_baked,True,False,FE 3 tlg - DK-Fix im Rahmen-DK-2:6000 x 1500,34,downloaded,https://github.com/ThatOpen/engine_web-ifc,Autodesk Revit 2019 (DEU); open test fixture,open fixture; verify per-file author/license
F039,FM_ARC_DigitalHub.ifc,Autodesk Revit 2019 (DEU),IFC4,UNCLASSIFIED,-,RECT,UNKNOWN,SINGLE,low,none,name='fe 2 tlg - dk fix mit pfosten ' part=NOTDEFINED panel_ops=-,specimen_only,BAKED_WITH_METADATA,42,explicit_baked,True,False,FE 2 tlg - DK Fix mit Pfosten - 2:4000 x 1500,4,downloaded,https://github.com/ThatOpen/engine_web-ifc,Autodesk Revit 2019 (DEU); open test fixture,open fixture; verify per-file author/license
F040,FM_ARC_DigitalHub.ifc,Autodesk Revit 2019 (DEU),IFC4,UNCLASSIFIED,-,RECT,UNKNOWN,SINGLE,low,none,name='fe 2 tlg - dk fix mit pfosten ' part=NOTDEFINED panel_ops=-,specimen_only,BAKED_WITH_METADATA,42,explicit_baked,True,False,FE 2 tlg - DK Fix mit Pfosten - 2:4000 x 1500,4,downloaded,https://github.com/ThatOpen/engine_web-ifc,Autodesk Revit 2019 (DEU); open test fixture,open fixture; verify per-file author/license
F041,FM_ARC_DigitalHub.ifc,Autodesk Revit 2019 (DEU),IFC4,UNCLASSIFIED,-,RECT,UNKNOWN,SINGLE,low,none,name='fe 3 tlg - dk-fix im rahmen-dk' part=NOTDEFINED panel_ops=-,specimen_only,BAKED_WITH_METADATA,42,explicit_baked,True,False,FE 3 tlg - DK-Fix im Rahmen-DK-2:6000 x 1500,1,downloaded,https://github.com/ThatOpen/engine_web-ifc,Autodesk Revit 2019 (DEU); open test fixture,open fixture; verify per-file author/license
F042,FM_ARC_DigitalHub.ifc,Autodesk Revit 2019 (DEU),IFC4,WIN-TILTTURN-SINGLE,-,RECT,TILTTURN,SINGLE,medium,family_name,name='fe 1 tlg - drehkipp:2000 x 150' part=NOTDEFINED panel_ops=-,specimen_only,BAKED_WITH_METADATA,42,explicit_baked,True,False,FE 1 tlg - DrehKipp:2000 x 1500,2,downloaded,https://github.com/ThatOpen/engine_web-ifc,Autodesk Revit 2019 (DEU); open test fixture,open fixture; verify per-file author/license
F043,FM_ARC_DigitalHub.ifc,Autodesk Revit 2019 (DEU),IFC4,WIN-TILTTURN-SINGLE,-,RECT,TILTTURN,SINGLE,medium,family_name,name='fe 1 tlg - drehkipp:2000 x 150' part=NOTDEFINED panel_ops=-,specimen_only,BAKED_WITH_METADATA,42,explicit_baked,True,False,FE 1 tlg - DrehKipp:2000 x 1500,2,downloaded,https://github.com/ThatOpen/engine_web-ifc,Autodesk Revit 2019 (DEU); open test fixture,open fixture; verify per-file author/license
F044,schependomlaan.ifc,ArchiCAD-64,IFC2X3,WIN-TILTTURN-SINGLE,R,RECT,TILTTURN,SINGLE,high,panel_operation_enum,name='merk b1sp-r r1 18' part=SINGLE_PANEL panel_ops=['TILTANDTURNRIGHTHAND'],candidate,SEMI_PARAMETRIC,60,explicit_baked,True,True,R1 18,26,downloaded,https://github.com/ThatOpen/engine_web-ifc,ArchiCAD-64; open test fixture,open fixture; verify per-file author/license
F045,schependomlaan.ifc,ArchiCAD-64,IFC2X3,UNCLASSIFIED,-,RECT,UNKNOWN,SINGLE,low,none,name='stelkozijn 01 plaatmateriaal -' part=NOTDEFINED panel_ops=-,specimen_only,BAKED_WITH_METADATA,20,explicit_baked,False,False,01 plaatmateriaal - multiplex,90,downloaded,https://github.com/ThatOpen/engine_web-ifc,ArchiCAD-64; open test fixture,open fixture; verify per-file author/license
F046,schependomlaan.ifc,ArchiCAD-64,IFC2X3,UNCLASSIFIED,-,RECT,UNKNOWN,SINGLE,low,none,name='stelkozijn 01 hout - stelkozij' part=NOTDEFINED panel_ops=-,specimen_only,BAKED_WITH_METADATA,20,explicit_baked,False,False,01 Hout - stelkozijn,92,downloaded,https://github.com/ThatOpen/engine_web-ifc,ArchiCAD-64; open test fixture,open fixture; verify per-file author/license
F047,schependomlaan.ifc,ArchiCAD-64,IFC2X3,WIN-TILTTURN-SINGLE,L,RECT,TILTTURN,SINGLE,high,panel_operation_enum,name='merk b1 r1 18' part=SINGLE_PANEL panel_ops=['TILTANDTURNLEFTHAND'],candidate,SEMI_PARAMETRIC,60,explicit_baked,True,True,R1 18,26,downloaded,https://github.com/ThatOpen/engine_web-ifc,ArchiCAD-64; open test fixture,open fixture; verify per-file author/license
F048,schependomlaan.ifc,ArchiCAD-64,IFC2X3,WIN-FIXED-SINGLE,-,RECT,FIXED,SINGLE,high,panel_operation_enum,name='merk n r1 18' part=SINGLE_PANEL panel_ops=['FIXEDCASEMENT'],candidate,SEMI_PARAMETRIC,60,explicit_baked,True,True,R1 18,7,downloaded,https://github.com/ThatOpen/engine_web-ifc,ArchiCAD-64; open test fixture,open fixture; verify per-file author/license
F049,schependomlaan.ifc,ArchiCAD-64,IFC2X3,WIN-CASEMENT-DBL_V,-,RECT,CASEMENT,DBL_V,high,panel_operation_enum,"name='merk g r2 stolp 18' part=DOUBLE_PANEL_VERTICAL panel_ops=['SIDEHUNGRIGHTHAND', 'SIDEHUNGLEFTHAND']",candidate,SEMI_PARAMETRIC,60,explicit_baked,True,True,R2 stolp 18,4,downloaded,https://github.com/ThatOpen/engine_web-ifc,ArchiCAD-64; open test fixture,open fixture; verify per-file author/license
F050,schependomlaan.ifc,ArchiCAD-64,IFC2X3,UNCLASSIFIED,-,RECT,UNKNOWN,SINGLE,low,none,name='dakkoepel 1000x 01 hout - dak' part=NOTDEFINED panel_ops=-,specimen_only,BAKED_WITH_METADATA,20,explicit_baked,False,False,01 Hout - dak,6,downloaded,https://github.com/ThatOpen/engine_web-ifc,ArchiCAD-64; open test fixture,open fixture; verify per-file author/license
F051,schependomlaan.ifc,ArchiCAD-64,IFC2X3,UNCLASSIFIED,-,RECT,UNKNOWN,SINGLE,low,none,name='merk j 14047_raam_topgevel' part=NOTDEFINED panel_ops=-,specimen_only,BAKED_WITH_METADATA,25,explicit_baked,False,False,14047_raam_topgevel,4,downloaded,https://github.com/ThatOpen/engine_web-ifc,ArchiCAD-64; open test fixture,open fixture; verify per-file author/license
F052,schependomlaan.ifc,ArchiCAD-64,IFC2X3,UNCLASSIFIED,-,RECT,UNKNOWN,SINGLE,low,none,name='velux k08 hout c' part=NOTDEFINED panel_ops=-,specimen_only,BAKED_WITH_METADATA,20,explicit_baked,False,False,Hout C,4,downloaded,https://github.com/ThatOpen/engine_web-ifc,ArchiCAD-64; open test fixture,open fixture; verify per-file author/license
F053,ISSUE_068_ARK_NUS_skolebygg.ifc,Autodesk Revit 2019 (ENG),IFC2X3,UNCLASSIFIED,-,RECT,UNKNOWN,SINGLE,low,none,name='vindu-hengslet:v23 14x14:17616' part=NOTDEFINED panel_ops=-,needs_style_review,SEMI_PARAMETRIC,72,parametric_swept,True,False,V23 14x14,3,downloaded,https://github.com/ThatOpen/engine_web-ifc,Autodesk Revit 2019 (ENG); open test fixture,open fixture; verify per-file author/license
F054,ISSUE_068_ARK_NUS_skolebygg.ifc,Autodesk Revit 2019 (ENG),IFC2X3,UNCLASSIFIED,-,RECT,UNKNOWN,SINGLE,low,none,name='vindu-hengslet:v13 12x16:18529' part=NOTDEFINED panel_ops=-,needs_style_review,SEMI_PARAMETRIC,72,parametric_swept,True,False,V13 12x16,3,downloaded,https://github.com/ThatOpen/engine_web-ifc,Autodesk Revit 2019 (ENG); open test fixture,open fixture; verify per-file author/license
F055,ISSUE_068_ARK_NUS_skolebygg.ifc,Autodesk Revit 2019 (ENG),IFC2X3,UNCLASSIFIED,-,RECT,UNKNOWN,SINGLE,low,none,name='vindu-fast:v3 18x22:1892833 v3' part=NOTDEFINED panel_ops=-,needs_style_review,SEMI_PARAMETRIC,72,parametric_swept,True,False,V3 18x22,5,downloaded,https://github.com/ThatOpen/engine_web-ifc,Autodesk Revit 2019 (ENG); open test fixture,open fixture; verify per-file author/license
F056,ISSUE_068_ARK_NUS_skolebygg.ifc,Autodesk Revit 2019 (ENG),IFC2X3,UNCLASSIFIED,-,RECT,UNKNOWN,SINGLE,low,none,name='vindu-fast:v4 23x22:1896885 v4' part=NOTDEFINED panel_ops=-,needs_style_review,SEMI_PARAMETRIC,72,parametric_swept,True,False,V4 23x22,10,downloaded,https://github.com/ThatOpen/engine_web-ifc,Autodesk Revit 2019 (ENG); open test fixture,open fixture; verify per-file author/license
F057,ISSUE_068_ARK_NUS_skolebygg.ifc,Autodesk Revit 2019 (ENG),IFC2X3,UNCLASSIFIED,-,RECT,UNKNOWN,SINGLE,low,none,name='vindu-fast:v22 14x14:1897688 v' part=NOTDEFINED panel_ops=-,needs_style_review,SEMI_PARAMETRIC,72,parametric_swept,True,False,V22 14x14,2,downloaded,https://github.com/ThatOpen/engine_web-ifc,Autodesk Revit 2019 (ENG); open test fixture,open fixture; verify per-file author/license
F058,ISSUE_068_ARK_NUS_skolebygg.ifc,Autodesk Revit 2019 (ENG),IFC2X3,UNCLASSIFIED,-,RECT,UNKNOWN,SINGLE,low,none,name='vindu-hengslet_1200 opening:v1' part=NOTDEFINED panel_ops=-,needs_style_review,SEMI_PARAMETRIC,72,parametric_swept,True,False,V1 12x22,4,downloaded,https://github.com/ThatOpen/engine_web-ifc,Autodesk Revit 2019 (ENG); open test fixture,open fixture; verify per-file author/license
F059,ISSUE_068_ARK_NUS_skolebygg.ifc,Autodesk Revit 2019 (ENG),IFC2X3,UNCLASSIFIED,-,RECT,UNKNOWN,SINGLE,low,none,name='vindu-hengslet_1200 opening:v1' part=NOTDEFINED panel_ops=-,needs_style_review,SEMI_PARAMETRIC,72,parametric_swept,True,False,V1 12x22,6,downloaded,https://github.com/ThatOpen/engine_web-ifc,Autodesk Revit 2019 (ENG); open test fixture,open fixture; verify per-file author/license
F060,ISSUE_068_ARK_NUS_skolebygg.ifc,Autodesk Revit 2019 (ENG),IFC2X3,UNCLASSIFIED,-,RECT,UNKNOWN,SINGLE,low,none,name='vindu-fast:v3 18x22:1899683 v3' part=NOTDEFINED panel_ops=-,needs_style_review,SEMI_PARAMETRIC,72,parametric_swept,True,False,V3 18x22,4,downloaded,https://github.com/ThatOpen/engine_web-ifc,Autodesk Revit 2019 (ENG); open test fixture,open fixture; verify per-file author/license
F061,ISSUE_068_ARK_NUS_skolebygg.ifc,Autodesk Revit 2019 (ENG),IFC2X3,UNCLASSIFIED,-,RECT,UNKNOWN,SINGLE,low,none,name='vindu-fast:v4 23x22:1899685 v4' part=NOTDEFINED panel_ops=-,needs_style_review,SEMI_PARAMETRIC,72,parametric_swept,True,False,V4 23x22,4,downloaded,https://github.com/ThatOpen/engine_web-ifc,Autodesk Revit 2019 (ENG); open test fixture,open fixture; verify per-file author/license
F062,ISSUE_068_ARK_NUS_skolebygg.ifc,Autodesk Revit 2019 (ENG),IFC2X3,UNCLASSIFIED,-,RECT,UNKNOWN,SINGLE,low,none,name='vindu-fast:v22 14x14:1901278 v' part=NOTDEFINED panel_ops=-,needs_style_review,SEMI_PARAMETRIC,72,parametric_swept,True,False,V22 14x14,2,downloaded,https://github.com/ThatOpen/engine_web-ifc,Autodesk Revit 2019 (ENG); open test fixture,open fixture; verify per-file author/license
F063,ISSUE_068_ARK_NUS_skolebygg.ifc,Autodesk Revit 2019 (ENG),IFC2X3,UNCLASSIFIED,-,RECT,UNKNOWN,SINGLE,low,none,name='vindu-fast:gfa 3 8x27 38db:206' part=NOTDEFINED panel_ops=-,needs_style_review,SEMI_PARAMETRIC,72,parametric_swept,True,False,GFA 3 8x27 38dB,1,downloaded,https://github.com/ThatOpen/engine_web-ifc,Autodesk Revit 2019 (ENG); open test fixture,open fixture; verify per-file author/license
F064,ISSUE_068_ARK_NUS_skolebygg.ifc,Autodesk Revit 2019 (ENG),IFC2X3,UNCLASSIFIED,-,RECT,UNKNOWN,SINGLE,low,none,name='vindu-fast:v24 20x20:2217007 v' part=NOTDEFINED panel_ops=-,needs_style_review,SEMI_PARAMETRIC,72,parametric_swept,True,False,V24 20x20,1,downloaded,https://github.com/ThatOpen/engine_web-ifc,Autodesk Revit 2019 (ENG); open test fixture,open fixture; verify per-file author/license
F065,ISSUE_068_ARK_NUS_skolebygg.ifc,Autodesk Revit 2019 (ENG),IFC2X3,UNCLASSIFIED,-,RECT,UNKNOWN,SINGLE,low,none,name='vindu-fast:v24 20x20:2217110 v' part=NOTDEFINED panel_ops=-,needs_style_review,SEMI_PARAMETRIC,72,parametric_swept,True,False,V24 20x20,1,downloaded,https://github.com/ThatOpen/engine_web-ifc,Autodesk Revit 2019 (ENG); open test fixture,open fixture; verify per-file author/license
F066,ISSUE_068_ARK_NUS_skolebygg.ifc,Autodesk Revit 2019 (ENG),IFC2X3,UNCLASSIFIED,-,RECT,UNKNOWN,SINGLE,low,none,name='vindu-fast:v2 12x22:2275275 v2' part=NOTDEFINED panel_ops=-,needs_style_review,SEMI_PARAMETRIC,72,parametric_swept,True,False,V2 12x22,2,downloaded,https://github.com/ThatOpen/engine_web-ifc,Autodesk Revit 2019 (ENG); open test fixture,open fixture; verify per-file author/license
F067,ISSUE_068_ARK_NUS_skolebygg.ifc,Autodesk Revit 2019 (ENG),IFC2X3,UNCLASSIFIED,-,RECT,UNKNOWN,SINGLE,low,none,name='vindu-fast:v22 14x14:2393061 v' part=NOTDEFINED panel_ops=-,needs_style_review,SEMI_PARAMETRIC,72,parametric_swept,True,False,V22 14x14,4,downloaded,https://github.com/ThatOpen/engine_web-ifc,Autodesk Revit 2019 (ENG); open test fixture,open fixture; verify per-file author/license
F068,ISSUE_068_ARK_NUS_skolebygg.ifc,Autodesk Revit 2019 (ENG),IFC2X3,UNCLASSIFIED,-,RECT,UNKNOWN,SINGLE,low,none,name='vindu-fast:v5 8x22:2399390 v5 ' part=NOTDEFINED panel_ops=-,needs_style_review,SEMI_PARAMETRIC,72,parametric_swept,True,False,V5 8x22,1,downloaded,https://github.com/ThatOpen/engine_web-ifc,Autodesk Revit 2019 (ENG); open test fixture,open fixture; verify per-file author/license
F069,ISSUE_068_ARK_NUS_skolebygg.ifc,Autodesk Revit 2019 (ENG),IFC2X3,UNCLASSIFIED,-,RECT,UNKNOWN,SINGLE,low,none,name='vindu-hengslet_1200 opening:v1' part=NOTDEFINED panel_ops=-,needs_style_review,SEMI_PARAMETRIC,72,parametric_swept,True,False,V1 12x22,1,downloaded,https://github.com/ThatOpen/engine_web-ifc,Autodesk Revit 2019 (ENG); open test fixture,open fixture; verify per-file author/license
F070,ISSUE_068_ARK_NUS_skolebygg.ifc,Autodesk Revit 2019 (ENG),IFC2X3,UNCLASSIFIED,-,RECT,UNKNOWN,SINGLE,low,none,name='vindu-hengslet:v23 14x14:24243' part=NOTDEFINED panel_ops=-,needs_style_review,SEMI_PARAMETRIC,72,parametric_swept,True,False,V23 14x14,2,downloaded,https://github.com/ThatOpen/engine_web-ifc,Autodesk Revit 2019 (ENG); open test fixture,open fixture; verify per-file author/license
F071,ISSUE_068_ARK_NUS_skolebygg.ifc,Autodesk Revit 2019 (ENG),IFC2X3,UNCLASSIFIED,-,RECT,UNKNOWN,SINGLE,low,none,name='vindu-fast:v3 18x22:2424976 v3' part=NOTDEFINED panel_ops=-,needs_style_review,SEMI_PARAMETRIC,72,parametric_swept,True,False,V3 18x22,1,downloaded,https://github.com/ThatOpen/engine_web-ifc,Autodesk Revit 2019 (ENG); open test fixture,open fixture; verify per-file author/license
F072,ISSUE_068_ARK_NUS_skolebygg.ifc,Autodesk Revit 2019 (ENG),IFC2X3,UNCLASSIFIED,-,RECT,UNKNOWN,SINGLE,low,none,name='vindu-fast:v2 12x22:2424980 v2' part=NOTDEFINED panel_ops=-,needs_style_review,SEMI_PARAMETRIC,72,parametric_swept,True,False,V2 12x22,1,downloaded,https://github.com/ThatOpen/engine_web-ifc,Autodesk Revit 2019 (ENG); open test fixture,open fixture; verify per-file author/license
F073,ISSUE_068_ARK_NUS_skolebygg.ifc,Autodesk Revit 2019 (ENG),IFC2X3,UNCLASSIFIED,-,RECT,UNKNOWN,SINGLE,low,none,name='vindu-hengslet:v13 12x16:24256' part=NOTDEFINED panel_ops=-,needs_style_review,SEMI_PARAMETRIC,72,parametric_swept,True,False,V13 12x16,4,downloaded,https://github.com/ThatOpen/engine_web-ifc,Autodesk Revit 2019 (ENG); open test fixture,open fixture; verify per-file author/license
F074,ISSUE_068_ARK_NUS_skolebygg.ifc,Autodesk Revit 2019 (ENG),IFC2X3,UNCLASSIFIED,-,RECT,UNKNOWN,SINGLE,low,none,name='fast vindu+ åpningsvindu:v15 2' part=NOTDEFINED panel_ops=-,needs_style_review,SEMI_PARAMETRIC,72,parametric_swept,True,False,V15 24x16,1,downloaded,https://github.com/ThatOpen/engine_web-ifc,Autodesk Revit 2019 (ENG); open test fixture,open fixture; verify per-file author/license
F075,ISSUE_068_ARK_NUS_skolebygg.ifc,Autodesk Revit 2019 (ENG),IFC2X3,UNCLASSIFIED,-,RECT,UNKNOWN,SINGLE,low,none,name='vindu-fast:v14 14x16:2430034 v' part=NOTDEFINED panel_ops=-,needs_style_review,SEMI_PARAMETRIC,72,parametric_swept,True,False,V14 14x16,1,downloaded,https://github.com/ThatOpen/engine_web-ifc,Autodesk Revit 2019 (ENG); open test fixture,open fixture; verify per-file author/license
F076,ISSUE_068_ARK_NUS_skolebygg.ifc,Autodesk Revit 2019 (ENG),IFC2X3,UNCLASSIFIED,-,RECT,UNKNOWN,SINGLE,low,none,name='vindu-fast:v14 14x16:2431102 v' part=NOTDEFINED panel_ops=-,needs_style_review,SEMI_PARAMETRIC,72,parametric_swept,True,False,V14 14x16,1,downloaded,https://github.com/ThatOpen/engine_web-ifc,Autodesk Revit 2019 (ENG); open test fixture,open fixture; verify per-file author/license
F077,ISSUE_068_ARK_NUS_skolebygg.ifc,Autodesk Revit 2019 (ENG),IFC2X3,UNCLASSIFIED,-,RECT,UNKNOWN,SINGLE,low,none,name='vindu-fast:gf 1.3 12x21 38db:2' part=NOTDEFINED panel_ops=-,needs_style_review,SEMI_PARAMETRIC,72,parametric_swept,True,False,GF 1.3 12x21 38dB,6,downloaded,https://github.com/ThatOpen/engine_web-ifc,Autodesk Revit 2019 (ENG); open test fixture,open fixture; verify per-file author/license
F078,ISSUE_068_ARK_NUS_skolebygg.ifc,Autodesk Revit 2019 (ENG),IFC2X3,UNCLASSIFIED,-,RECT,UNKNOWN,SINGLE,low,none,name='vindu-fast:gf 3.3 6x21 44db:24' part=NOTDEFINED panel_ops=-,needs_style_review,SEMI_PARAMETRIC,72,parametric_swept,True,False,GF 3.3 6x21 44dB,1,downloaded,https://github.com/ThatOpen/engine_web-ifc,Autodesk Revit 2019 (ENG); open test fixture,open fixture; verify per-file author/license
F079,ISSUE_068_ARK_NUS_skolebygg.ifc,Autodesk Revit 2019 (ENG),IFC2X3,UNCLASSIFIED,-,RECT,UNKNOWN,SINGLE,low,none,name='vindu-fast:gf 1.1 12x21 33db:2' part=NOTDEFINED panel_ops=-,needs_style_review,SEMI_PARAMETRIC,72,parametric_swept,True,False,GF 1.1 12x21 33dB,11,downloaded,https://github.com/ThatOpen/engine_web-ifc,Autodesk Revit 2019 (ENG); open test fixture,open fixture; verify per-file author/license
F080,ISSUE_068_ARK_NUS_skolebygg.ifc,Autodesk Revit 2019 (ENG),IFC2X3,UNCLASSIFIED,-,RECT,UNKNOWN,SINGLE,low,none,name='vindu-fast:gf 3.2 6x21 38db:24' part=NOTDEFINED panel_ops=-,needs_style_review,SEMI_PARAMETRIC,72,parametric_swept,True,False,GF 3.2 6x21 38dB,9,downloaded,https://github.com/ThatOpen/engine_web-ifc,Autodesk Revit 2019 (ENG); open test fixture,open fixture; verify per-file author/license
F081,ISSUE_068_ARK_NUS_skolebygg.ifc,Autodesk Revit 2019 (ENG),IFC2X3,UNCLASSIFIED,-,RECT,UNKNOWN,SINGLE,low,none,name='vindu-fast:gf 4.2 18x21 33db:2' part=NOTDEFINED panel_ops=-,needs_style_review,SEMI_PARAMETRIC,72,parametric_swept,True,False,GF 4.2 18x21 33dB,2,downloaded,https://github.com/ThatOpen/engine_web-ifc,Autodesk Revit 2019 (ENG); open test fixture,open fixture; verify per-file author/license
F082,ISSUE_068_ARK_NUS_skolebygg.ifc,Autodesk Revit 2019 (ENG),IFC2X3,UNCLASSIFIED,-,RECT,UNKNOWN,SINGLE,low,none,name='vindu-fast:gf 4.2 18x21 33db:2' part=NOTDEFINED panel_ops=-,needs_style_review,SEMI_PARAMETRIC,72,parametric_swept,True,False,GF 4.2 18x21 33dB,2,downloaded,https://github.com/ThatOpen/engine_web-ifc,Autodesk Revit 2019 (ENG); open test fixture,open fixture; verify per-file author/license
F083,ISSUE_068_ARK_NUS_skolebygg.ifc,Autodesk Revit 2019 (ENG),IFC2X3,UNCLASSIFIED,-,RECT,UNKNOWN,SINGLE,low,none,name='vindu-fast:gf 1.1 12x21 33db:2' part=NOTDEFINED panel_ops=-,needs_style_review,SEMI_PARAMETRIC,72,parametric_swept,True,False,GF 1.1 12x21 33dB,1,downloaded,https://github.com/ThatOpen/engine_web-ifc,Autodesk Revit 2019 (ENG); open test fixture,open fixture; verify per-file author/license
F084,ISSUE_068_ARK_NUS_skolebygg.ifc,Autodesk Revit 2019 (ENG),IFC2X3,UNCLASSIFIED,-,RECT,UNKNOWN,SINGLE,low,none,name='vindu-fast:gf 1.3 12x21 38db:2' part=NOTDEFINED panel_ops=-,needs_style_review,SEMI_PARAMETRIC,72,parametric_swept,True,False,GF 1.3 12x21 38dB,9,downloaded,https://github.com/ThatOpen/engine_web-ifc,Autodesk Revit 2019 (ENG); open test fixture,open fixture; verify per-file author/license
F085,ISSUE_068_ARK_NUS_skolebygg.ifc,Autodesk Revit 2019 (ENG),IFC2X3,UNCLASSIFIED,-,RECT,UNKNOWN,SINGLE,low,none,name='vindu-fast:gf 4.1 18x21 38db:2' part=NOTDEFINED panel_ops=-,needs_style_review,SEMI_PARAMETRIC,72,parametric_swept,True,False,GF 4.1 18x21 38dB,1,downloaded,https://github.com/ThatOpen/engine_web-ifc,Autodesk Revit 2019 (ENG); open test fixture,open fixture; verify per-file author/license
F086,ISSUE_068_ARK_NUS_skolebygg.ifc,Autodesk Revit 2019 (ENG),IFC2X3,UNCLASSIFIED,-,RECT,UNKNOWN,SINGLE,low,none,name='vindu-fast:gf 10.2 8x27 38db:2' part=NOTDEFINED panel_ops=-,needs_style_review,SEMI_PARAMETRIC,72,parametric_swept,True,False,GF 10.2 8x27 38dB,1,downloaded,https://github.com/ThatOpen/engine_web-ifc,Autodesk Revit 2019 (ENG); open test fixture,open fixture; verify per-file author/license
F087,ISSUE_068_ARK_NUS_skolebygg.ifc,Autodesk Revit 2019 (ENG),IFC2X3,UNCLASSIFIED,-,RECT,UNKNOWN,SINGLE,low,none,name='vindu-fast:gf 4.2 18x21 33db:2' part=NOTDEFINED panel_ops=-,needs_style_review,SEMI_PARAMETRIC,72,parametric_swept,True,False,GF 4.2 18x21 33dB,1,downloaded,https://github.com/ThatOpen/engine_web-ifc,Autodesk Revit 2019 (ENG); open test fixture,open fixture; verify per-file author/license
F088,ISSUE_068_ARK_NUS_skolebygg.ifc,Autodesk Revit 2019 (ENG),IFC2X3,UNCLASSIFIED,-,RECT,UNKNOWN,SINGLE,low,none,name='vindu-fast:gf 2.2 9x21 33db:25' part=NOTDEFINED panel_ops=-,needs_style_review,SEMI_PARAMETRIC,72,parametric_swept,True,False,GF 2.2 9x21 33dB,3,downloaded,https://github.com/ThatOpen/engine_web-ifc,Autodesk Revit 2019 (ENG); open test fixture,open fixture; verify per-file author/license
F089,ISSUE_068_ARK_NUS_skolebygg.ifc,Autodesk Revit 2019 (ENG),IFC2X3,UNCLASSIFIED,-,RECT,UNKNOWN,SINGLE,low,none,name='vindu-fast:gf 10.2 8x27 38db:2' part=NOTDEFINED panel_ops=-,needs_style_review,SEMI_PARAMETRIC,72,parametric_swept,True,False,GF 10.2 8x27 38dB,1,downloaded,https://github.com/ThatOpen/engine_web-ifc,Autodesk Revit 2019 (ENG); open test fixture,open fixture; verify per-file author/license
F090,ISSUE_068_ARK_NUS_skolebygg.ifc,Autodesk Revit 2019 (ENG),IFC2X3,UNCLASSIFIED,-,RECT,UNKNOWN,SINGLE,low,none,name='vindu-fast:gf 1.1 12x21 33db:2' part=NOTDEFINED panel_ops=-,needs_style_review,SEMI_PARAMETRIC,72,parametric_swept,True,False,GF 1.1 12x21 33dB,1,downloaded,https://github.com/ThatOpen/engine_web-ifc,Autodesk Revit 2019 (ENG); open test fixture,open fixture; verify per-file author/license
F091,ISSUE_068_ARK_NUS_skolebygg.ifc,Autodesk Revit 2019 (ENG),IFC2X3,UNCLASSIFIED,-,RECT,UNKNOWN,SINGLE,low,none,name='vindu-fast:gf 3.3 6x21 44db:25' part=NOTDEFINED panel_ops=-,needs_style_review,SEMI_PARAMETRIC,72,parametric_swept,True,False,GF 3.3 6x21 44dB,2,downloaded,https://github.com/ThatOpen/engine_web-ifc,Autodesk Revit 2019 (ENG); open test fixture,open fixture; verify per-file author/license
F092,ISSUE_068_ARK_NUS_skolebygg.ifc,Autodesk Revit 2019 (ENG),IFC2X3,UNCLASSIFIED,-,RECT,UNKNOWN,SINGLE,low,none,name='vindu-fast:gf 11.1 12x27 33db:' part=NOTDEFINED panel_ops=-,needs_style_review,SEMI_PARAMETRIC,72,parametric_swept,True,False,GF 11.1 12x27 33dB,2,downloaded,https://github.com/ThatOpen/engine_web-ifc,Autodesk Revit 2019 (ENG); open test fixture,open fixture; verify per-file author/license
F093,ISSUE_068_ARK_NUS_skolebygg.ifc,Autodesk Revit 2019 (ENG),IFC2X3,UNCLASSIFIED,-,RECT,UNKNOWN,SINGLE,low,none,name='vindu-fast:gf 2.2 9x21 33db:25' part=NOTDEFINED panel_ops=-,needs_style_review,SEMI_PARAMETRIC,72,parametric_swept,True,False,GF 2.2 9x21 33dB,1,downloaded,https://github.com/ThatOpen/engine_web-ifc,Autodesk Revit 2019 (ENG); open test fixture,open fixture; verify per-file author/license
F094,ISSUE_068_ARK_NUS_skolebygg.ifc,Autodesk Revit 2019 (ENG),IFC2X3,UNCLASSIFIED,-,RECT,UNKNOWN,SINGLE,low,none,name='vindu-fast:gf 6.1 8x21 33db:25' part=NOTDEFINED panel_ops=-,needs_style_review,SEMI_PARAMETRIC,72,parametric_swept,True,False,GF 6.1 8x21 33dB,1,downloaded,https://github.com/ThatOpen/engine_web-ifc,Autodesk Revit 2019 (ENG); open test fixture,open fixture; verify per-file author/license
F095,ISSUE_068_ARK_NUS_skolebygg.ifc,Autodesk Revit 2019 (ENG),IFC2X3,UNCLASSIFIED,-,RECT,UNKNOWN,SINGLE,low,none,name='vindu-fast:gf 1.1 12x21 33db:2' part=NOTDEFINED panel_ops=-,needs_style_review,SEMI_PARAMETRIC,72,parametric_swept,True,False,GF 1.1 12x21 33dB,1,downloaded,https://github.com/ThatOpen/engine_web-ifc,Autodesk Revit 2019 (ENG); open test fixture,open fixture; verify per-file author/license
F096,ISSUE_068_ARK_NUS_skolebygg.ifc,Autodesk Revit 2019 (ENG),IFC2X3,UNCLASSIFIED,-,RECT,UNKNOWN,SINGLE,low,none,name='vindu-fast:gf 7.2 15x21 38db:2' part=NOTDEFINED panel_ops=-,needs_style_review,SEMI_PARAMETRIC,72,parametric_swept,True,False,GF 7.2 15x21 38dB,1,downloaded,https://github.com/ThatOpen/engine_web-ifc,Autodesk Revit 2019 (ENG); open test fixture,open fixture; verify per-file author/license
F097,ISSUE_068_ARK_NUS_skolebygg.ifc,Autodesk Revit 2019 (ENG),IFC2X3,UNCLASSIFIED,-,RECT,UNKNOWN,SINGLE,low,none,name='vindu-fast:gf 3.6 6x21 33db:25' part=NOTDEFINED panel_ops=-,needs_style_review,SEMI_PARAMETRIC,72,parametric_swept,True,False,GF 3.6 6x21 33dB,1,downloaded,https://github.com/ThatOpen/engine_web-ifc,Autodesk Revit 2019 (ENG); open test fixture,open fixture; verify per-file author/license
F098,ISSUE_068_ARK_NUS_skolebygg.ifc,Autodesk Revit 2019 (ENG),IFC2X3,UNCLASSIFIED,-,RECT,UNKNOWN,SINGLE,low,none,name='vindu-fast:gf 7.2 15x21 38db:2' part=NOTDEFINED panel_ops=-,needs_style_review,SEMI_PARAMETRIC,72,parametric_swept,True,False,GF 7.2 15x21 38dB,1,downloaded,https://github.com/ThatOpen/engine_web-ifc,Autodesk Revit 2019 (ENG); open test fixture,open fixture; verify per-file author/license
F099,ISSUE_068_ARK_NUS_skolebygg.ifc,Autodesk Revit 2019 (ENG),IFC2X3,UNCLASSIFIED,-,RECT,UNKNOWN,SINGLE,low,none,name='vindu-fast:gf 1.3 12x21 38db:2' part=NOTDEFINED panel_ops=-,needs_style_review,SEMI_PARAMETRIC,72,parametric_swept,True,False,GF 1.3 12x21 38dB,1,downloaded,https://github.com/ThatOpen/engine_web-ifc,Autodesk Revit 2019 (ENG); open test fixture,open fixture; verify per-file author/license
F100,ISSUE_068_ARK_NUS_skolebygg.ifc,Autodesk Revit 2019 (ENG),IFC2X3,UNCLASSIFIED,-,RECT,UNKNOWN,SINGLE,low,none,name='vindu-fast:gf 4.1 18x21 38db:2' part=NOTDEFINED panel_ops=-,needs_style_review,SEMI_PARAMETRIC,72,parametric_swept,True,False,GF 4.1 18x21 38dB,1,downloaded,https://github.com/ThatOpen/engine_web-ifc,Autodesk Revit 2019 (ENG); open test fixture,open fixture; verify per-file author/license
F101,ISSUE_068_ARK_NUS_skolebygg.ifc,Autodesk Revit 2019 (ENG),IFC2X3,UNCLASSIFIED,-,RECT,UNKNOWN,SINGLE,low,none,name='vindu-fast:gf 2.2 9x21 33db:25' part=NOTDEFINED panel_ops=-,needs_style_review,SEMI_PARAMETRIC,72,parametric_swept,True,False,GF 2.2 9x21 33dB,1,downloaded,https://github.com/ThatOpen/engine_web-ifc,Autodesk Revit 2019 (ENG); open test fixture,open fixture; verify per-file author/license
F102,ISSUE_068_ARK_NUS_skolebygg.ifc,Autodesk Revit 2019 (ENG),IFC2X3,UNCLASSIFIED,-,RECT,UNKNOWN,SINGLE,low,none,name='vindu-fast:gf 3.3 6x21 44db:25' part=NOTDEFINED panel_ops=-,needs_style_review,SEMI_PARAMETRIC,72,parametric_swept,True,False,GF 3.3 6x21 44dB,1,downloaded,https://github.com/ThatOpen/engine_web-ifc,Autodesk Revit 2019 (ENG); open test fixture,open fixture; verify per-file author/license
F103,ISSUE_068_ARK_NUS_skolebygg.ifc,Autodesk Revit 2019 (ENG),IFC2X3,UNCLASSIFIED,-,RECT,UNKNOWN,SINGLE,low,none,name='vindu-fast:gf 3.6 6x21 33db:25' part=NOTDEFINED panel_ops=-,needs_style_review,SEMI_PARAMETRIC,72,parametric_swept,True,False,GF 3.6 6x21 33dB,2,downloaded,https://github.com/ThatOpen/engine_web-ifc,Autodesk Revit 2019 (ENG); open test fixture,open fixture; verify per-file author/license
F104,ISSUE_068_ARK_NUS_skolebygg.ifc,Autodesk Revit 2019 (ENG),IFC2X3,UNCLASSIFIED,-,RECT,UNKNOWN,SINGLE,low,none,name='vindu-fast:gf 3.6 6x21 33db:25' part=NOTDEFINED panel_ops=-,needs_style_review,SEMI_PARAMETRIC,72,parametric_swept,True,False,GF 3.6 6x21 33dB,1,downloaded,https://github.com/ThatOpen/engine_web-ifc,Autodesk Revit 2019 (ENG); open test fixture,open fixture; verify per-file author/license
F105,ISSUE_068_ARK_NUS_skolebygg.ifc,Autodesk Revit 2019 (ENG),IFC2X3,UNCLASSIFIED,-,RECT,UNKNOWN,SINGLE,low,none,name='vindu-fast:gf 6.1 8x21 33db:25' part=NOTDEFINED panel_ops=-,needs_style_review,SEMI_PARAMETRIC,72,parametric_swept,True,False,GF 6.1 8x21 33dB,1,downloaded,https://github.com/ThatOpen/engine_web-ifc,Autodesk Revit 2019 (ENG); open test fixture,open fixture; verify per-file author/license
F106,ISSUE_068_ARK_NUS_skolebygg.ifc,Autodesk Revit 2019 (ENG),IFC2X3,UNCLASSIFIED,-,RECT,UNKNOWN,SINGLE,low,none,name='vindu-fast:gf 2.2 9x21 33db:25' part=NOTDEFINED panel_ops=-,needs_style_review,SEMI_PARAMETRIC,72,parametric_swept,True,False,GF 2.2 9x21 33dB,1,downloaded,https://github.com/ThatOpen/engine_web-ifc,Autodesk Revit 2019 (ENG); open test fixture,open fixture; verify per-file author/license
F107,ISSUE_068_ARK_NUS_skolebygg.ifc,Autodesk Revit 2019 (ENG),IFC2X3,UNCLASSIFIED,-,RECT,UNKNOWN,SINGLE,low,none,name='vindu-fast:gf 2.2 9x21 33db:25' part=NOTDEFINED panel_ops=-,needs_style_review,SEMI_PARAMETRIC,72,parametric_swept,True,False,GF 2.2 9x21 33dB,1,downloaded,https://github.com/ThatOpen/engine_web-ifc,Autodesk Revit 2019 (ENG); open test fixture,open fixture; verify per-file author/license
F108,ISSUE_068_ARK_NUS_skolebygg.ifc,Autodesk Revit 2019 (ENG),IFC2X3,UNCLASSIFIED,-,RECT,UNKNOWN,SINGLE,low,none,name='vindu-fast:gf 2.2 9x21 33db:25' part=NOTDEFINED panel_ops=-,needs_style_review,SEMI_PARAMETRIC,72,parametric_swept,True,False,GF 2.2 9x21 33dB,1,downloaded,https://github.com/ThatOpen/engine_web-ifc,Autodesk Revit 2019 (ENG); open test fixture,open fixture; verify per-file author/license
F109,ISSUE_068_ARK_NUS_skolebygg.ifc,Autodesk Revit 2019 (ENG),IFC2X3,UNCLASSIFIED,-,RECT,UNKNOWN,SINGLE,low,none,name='vindu-fast:gf 2.2 9x21 33db:25' part=NOTDEFINED panel_ops=-,needs_style_review,SEMI_PARAMETRIC,72,parametric_swept,True,False,GF 2.2 9x21 33dB,1,downloaded,https://github.com/ThatOpen/engine_web-ifc,Autodesk Revit 2019 (ENG); open test fixture,open fixture; verify per-file author/license
F110,ISSUE_068_ARK_NUS_skolebygg.ifc,Autodesk Revit 2019 (ENG),IFC2X3,UNCLASSIFIED,-,RECT,UNKNOWN,SINGLE,low,none,name='vindu-fast:gf 2.1 9x21 38db:25' part=NOTDEFINED panel_ops=-,needs_style_review,SEMI_PARAMETRIC,72,parametric_swept,True,False,GF 2.1 9x21 38dB,1,downloaded,https://github.com/ThatOpen/engine_web-ifc,Autodesk Revit 2019 (ENG); open test fixture,open fixture; verify per-file author/license
F111,ISSUE_068_ARK_NUS_skolebygg.ifc,Autodesk Revit 2019 (ENG),IFC2X3,UNCLASSIFIED,-,RECT,UNKNOWN,SINGLE,low,none,name='vindu-fast:gf 5.3 5x21 33db:25' part=NOTDEFINED panel_ops=-,needs_style_review,SEMI_PARAMETRIC,72,parametric_swept,True,False,GF 5.3 5x21 33dB,1,downloaded,https://github.com/ThatOpen/engine_web-ifc,Autodesk Revit 2019 (ENG); open test fixture,open fixture; verify per-file author/license
F112,ISSUE_068_ARK_NUS_skolebygg.ifc,Autodesk Revit 2019 (ENG),IFC2X3,UNCLASSIFIED,-,RECT,UNKNOWN,SINGLE,low,none,name='vindu-fast:gf 15.1 36x10 33db:' part=NOTDEFINED panel_ops=-,needs_style_review,SEMI_PARAMETRIC,72,parametric_swept,True,False,GF 15.1 36x10 33dB,1,downloaded,https://github.com/ThatOpen/engine_web-ifc,Autodesk Revit 2019 (ENG); open test fixture,open fixture; verify per-file author/license
F113,ISSUE_068_ARK_NUS_skolebygg.ifc,Autodesk Revit 2019 (ENG),IFC2X3,UNCLASSIFIED,-,RECT,UNKNOWN,SINGLE,low,none,name='vindu-fast:gf 8.1 7x7 58db:252' part=NOTDEFINED panel_ops=-,needs_style_review,SEMI_PARAMETRIC,72,parametric_swept,True,False,GF 8.1 7x7 58dB,1,downloaded,https://github.com/ThatOpen/engine_web-ifc,Autodesk Revit 2019 (ENG); open test fixture,open fixture; verify per-file author/license
F114,ISSUE_068_ARK_NUS_skolebygg.ifc,Autodesk Revit 2019 (ENG),IFC2X3,UNCLASSIFIED,-,RECT,UNKNOWN,SINGLE,low,none,name='vindu-fast:gf 2.4 9x21 25db e3' part=NOTDEFINED panel_ops=-,needs_style_review,SEMI_PARAMETRIC,72,parametric_swept,True,False,GF 2.4 9x21 25dB E30,1,downloaded,https://github.com/ThatOpen/engine_web-ifc,Autodesk Revit 2019 (ENG); open test fixture,open fixture; verify per-file author/license
F115,ISSUE_068_ARK_NUS_skolebygg.ifc,Autodesk Revit 2019 (ENG),IFC2X3,UNCLASSIFIED,-,RECT,UNKNOWN,SINGLE,low,none,name='vindu-fast:gf 2.3 9x21 25db ei' part=NOTDEFINED panel_ops=-,needs_style_review,SEMI_PARAMETRIC,72,parametric_swept,True,False,GF 2.3 9x21 25dB EI30,1,downloaded,https://github.com/ThatOpen/engine_web-ifc,Autodesk Revit 2019 (ENG); open test fixture,open fixture; verify per-file author/license
F116,ISSUE_068_ARK_NUS_skolebygg.ifc,Autodesk Revit 2019 (ENG),IFC2X3,UNCLASSIFIED,-,RECT,UNKNOWN,SINGLE,low,none,name='vindu-fast:gf 3.1 6x21 25db ei' part=NOTDEFINED panel_ops=-,needs_style_review,SEMI_PARAMETRIC,72,parametric_swept,True,False,GF 3.1 6x21 25dB EI30,1,downloaded,https://github.com/ThatOpen/engine_web-ifc,Autodesk Revit 2019 (ENG); open test fixture,open fixture; verify per-file author/license
F117,ISSUE_068_ARK_NUS_skolebygg.ifc,Autodesk Revit 2019 (ENG),IFC2X3,UNCLASSIFIED,-,RECT,UNKNOWN,SINGLE,low,none,name='vindu_2felt:gf 4.3 33db ei30:2' part=NOTDEFINED panel_ops=-,needs_style_review,SEMI_PARAMETRIC,72,parametric_swept,True,False,GF 4.3 33dB EI30,1,downloaded,https://github.com/ThatOpen/engine_web-ifc,Autodesk Revit 2019 (ENG); open test fixture,open fixture; verify per-file author/license
F118,ISSUE_068_ARK_NUS_skolebygg.ifc,Autodesk Revit 2019 (ENG),IFC2X3,UNCLASSIFIED,-,RECT,UNKNOWN,SINGLE,low,none,name='vindu-fast:gf 3.4 6x21 33db e3' part=NOTDEFINED panel_ops=-,needs_style_review,SEMI_PARAMETRIC,72,parametric_swept,True,False,GF 3.4 6x21 33dB E30,1,downloaded,https://github.com/ThatOpen/engine_web-ifc,Autodesk Revit 2019 (ENG); open test fixture,open fixture; verify per-file author/license
F119,ISSUE_068_ARK_NUS_skolebygg.ifc,Autodesk Revit 2019 (ENG),IFC2X3,UNCLASSIFIED,-,RECT,UNKNOWN,SINGLE,low,none,name='vindu-fast:gf 2.2 9x21 33db:25' part=NOTDEFINED panel_ops=-,needs_style_review,SEMI_PARAMETRIC,72,parametric_swept,True,False,GF 2.2 9x21 33dB,2,downloaded,https://github.com/ThatOpen/engine_web-ifc,Autodesk Revit 2019 (ENG); open test fixture,open fixture; verify per-file author/license
F120,ISSUE_068_ARK_NUS_skolebygg.ifc,Autodesk Revit 2019 (ENG),IFC2X3,UNCLASSIFIED,-,RECT,UNKNOWN,SINGLE,low,none,name='vindu-fast:gf 2.2 9x21 33db:25' part=NOTDEFINED panel_ops=-,needs_style_review,SEMI_PARAMETRIC,72,parametric_swept,True,False,GF 2.2 9x21 33dB,4,downloaded,https://github.com/ThatOpen/engine_web-ifc,Autodesk Revit 2019 (ENG); open test fixture,open fixture; verify per-file author/license
F121,ISSUE_068_ARK_NUS_skolebygg.ifc,Autodesk Revit 2019 (ENG),IFC2X3,UNCLASSIFIED,-,RECT,UNKNOWN,SINGLE,low,none,name='vindu-fast:gf 6.1 8x21 33db:25' part=NOTDEFINED panel_ops=-,needs_style_review,SEMI_PARAMETRIC,72,parametric_swept,True,False,GF 6.1 8x21 33dB,1,downloaded,https://github.com/ThatOpen/engine_web-ifc,Autodesk Revit 2019 (ENG); open test fixture,open fixture; verify per-file author/license
F122,ISSUE_068_ARK_NUS_skolebygg.ifc,Autodesk Revit 2019 (ENG),IFC2X3,UNCLASSIFIED,-,RECT,UNKNOWN,SINGLE,low,none,name='vindu-fast:v25 12x30 36db:2535' part=NOTDEFINED panel_ops=-,needs_style_review,SEMI_PARAMETRIC,72,parametric_swept,True,False,V25 12x30 36dB,2,downloaded,https://github.com/ThatOpen/engine_web-ifc,Autodesk Revit 2019 (ENG); open test fixture,open fixture; verify per-file author/license
F123,ISSUE_068_ARK_NUS_skolebygg.ifc,Autodesk Revit 2019 (ENG),IFC2X3,UNCLASSIFIED,-,RECT,UNKNOWN,SINGLE,low,none,name='vindu-fast:va1 12x24:2537605 v' part=NOTDEFINED panel_ops=-,needs_style_review,SEMI_PARAMETRIC,72,parametric_swept,True,False,VA1 12x24,1,downloaded,https://github.com/ThatOpen/engine_web-ifc,Autodesk Revit 2019 (ENG); open test fixture,open fixture; verify per-file author/license
F124,ISSUE_068_ARK_NUS_skolebygg.ifc,Autodesk Revit 2019 (ENG),IFC2X3,UNCLASSIFIED,-,RECT,UNKNOWN,SINGLE,low,none,name='vindu-fast:gf 7.4 15x21 ei60:2' part=NOTDEFINED panel_ops=-,needs_style_review,SEMI_PARAMETRIC,72,parametric_swept,True,False,GF 7.4 15x21 EI60,2,downloaded,https://github.com/ThatOpen/engine_web-ifc,Autodesk Revit 2019 (ENG); open test fixture,open fixture; verify per-file author/license
F125,ISSUE_068_ARK_NUS_skolebygg.ifc,Autodesk Revit 2019 (ENG),IFC2X3,UNCLASSIFIED,-,RECT,UNKNOWN,SINGLE,low,none,name='vindu-fast:gf 1.1 12x21 33db:2' part=NOTDEFINED panel_ops=-,needs_style_review,SEMI_PARAMETRIC,72,parametric_swept,True,False,GF 1.1 12x21 33dB,1,downloaded,https://github.com/ThatOpen/engine_web-ifc,Autodesk Revit 2019 (ENG); open test fixture,open fixture; verify per-file author/license
F126,ISSUE_068_ARK_NUS_skolebygg.ifc,Autodesk Revit 2019 (ENG),IFC2X3,UNCLASSIFIED,-,RECT,UNKNOWN,SINGLE,low,none,name='vindu-fast:gf 7.1 15x21 25db:2' part=NOTDEFINED panel_ops=-,needs_style_review,SEMI_PARAMETRIC,72,parametric_swept,True,False,GF 7.1 15x21 25dB,1,downloaded,https://github.com/ThatOpen/engine_web-ifc,Autodesk Revit 2019 (ENG); open test fixture,open fixture; verify per-file author/license
F127,ISSUE_068_ARK_NUS_skolebygg.ifc,Autodesk Revit 2019 (ENG),IFC2X3,UNCLASSIFIED,-,RECT,UNKNOWN,SINGLE,low,none,name='vindu-fast:va1 12x24:2601155 v' part=NOTDEFINED panel_ops=-,needs_style_review,SEMI_PARAMETRIC,72,parametric_swept,True,False,VA1 12x24,2,downloaded,https://github.com/ThatOpen/engine_web-ifc,Autodesk Revit 2019 (ENG); open test fixture,open fixture; verify per-file author/license
F128,ISSUE_068_ARK_NUS_skolebygg.ifc,Autodesk Revit 2019 (ENG),IFC2X3,UNCLASSIFIED,-,RECT,UNKNOWN,SINGLE,low,none,name='vindu-fast:gf 1.3 12x21 38db:2' part=NOTDEFINED panel_ops=-,needs_style_review,SEMI_PARAMETRIC,72,parametric_swept,True,False,GF 1.3 12x21 38dB,1,downloaded,https://github.com/ThatOpen/engine_web-ifc,Autodesk Revit 2019 (ENG); open test fixture,open fixture; verify per-file author/license
F129,ISSUE_068_ARK_NUS_skolebygg.ifc,Autodesk Revit 2019 (ENG),IFC2X3,UNCLASSIFIED,-,RECT,UNKNOWN,SINGLE,low,none,name='vindu-fast:gf 3.2 6x21 38db:28' part=NOTDEFINED panel_ops=-,needs_style_review,SEMI_PARAMETRIC,72,parametric_swept,True,False,GF 3.2 6x21 38dB,1,downloaded,https://github.com/ThatOpen/engine_web-ifc,Autodesk Revit 2019 (ENG); open test fixture,open fixture; verify per-file author/license
F130,ISSUE_068_ARK_NUS_skolebygg.ifc,Autodesk Revit 2019 (ENG),IFC2X3,UNCLASSIFIED,-,RECT,UNKNOWN,SINGLE,low,none,name='vindu-fast:gf 1.1 12x21 33db:2' part=NOTDEFINED panel_ops=-,needs_style_review,SEMI_PARAMETRIC,72,parametric_swept,True,False,GF 1.1 12x21 33dB,2,downloaded,https://github.com/ThatOpen/engine_web-ifc,Autodesk Revit 2019 (ENG); open test fixture,open fixture; verify per-file author/license
F131,ISSUE_068_ARK_NUS_skolebygg.ifc,Autodesk Revit 2019 (ENG),IFC2X3,UNCLASSIFIED,-,RECT,UNKNOWN,SINGLE,low,none,name='vindu-fast:gf 1.1 12x21 33db:2' part=NOTDEFINED panel_ops=-,needs_style_review,SEMI_PARAMETRIC,72,parametric_swept,True,False,GF 1.1 12x21 33dB,2,downloaded,https://github.com/ThatOpen/engine_web-ifc,Autodesk Revit 2019 (ENG); open test fixture,open fixture; verify per-file author/license
F132,ISSUE_068_ARK_NUS_skolebygg.ifc,Autodesk Revit 2019 (ENG),IFC2X3,UNCLASSIFIED,-,RECT,UNKNOWN,SINGLE,low,none,name='vindu-fast:gf 9.1 11x26.5 33db' part=NOTDEFINED panel_ops=-,needs_style_review,SEMI_PARAMETRIC,72,parametric_swept,True,False,GF 9.1 11x26.5 33dB,2,downloaded,https://github.com/ThatOpen/engine_web-ifc,Autodesk Revit 2019 (ENG); open test fixture,open fixture; verify per-file author/license
F133,ISSUE_068_ARK_NUS_skolebygg.ifc,Autodesk Revit 2019 (ENG),IFC2X3,UNCLASSIFIED,-,RECT,UNKNOWN,SINGLE,low,none,name='vindu-fast:gf 1.4 12x21 44db:2' part=NOTDEFINED panel_ops=-,needs_style_review,SEMI_PARAMETRIC,72,parametric_swept,True,False,GF 1.4 12x21 44dB,2,downloaded,https://github.com/ThatOpen/engine_web-ifc,Autodesk Revit 2019 (ENG); open test fixture,open fixture; verify per-file author/license
F134,ISSUE_068_ARK_NUS_skolebygg.ifc,Autodesk Revit 2019 (ENG),IFC2X3,UNCLASSIFIED,-,RECT,UNKNOWN,SINGLE,low,none,name='vindu-fast:gf 1.1 12x21 33db:2' part=NOTDEFINED panel_ops=-,needs_style_review,SEMI_PARAMETRIC,72,parametric_swept,True,False,GF 1.1 12x21 33dB,2,downloaded,https://github.com/ThatOpen/engine_web-ifc,Autodesk Revit 2019 (ENG); open test fixture,open fixture; verify per-file author/license
F135,ISSUE_068_ARK_NUS_skolebygg.ifc,Autodesk Revit 2019 (ENG),IFC2X3,UNCLASSIFIED,-,RECT,UNKNOWN,SINGLE,low,none,name='vindu-fast:gf 2.1 9x21 38db:29' part=NOTDEFINED panel_ops=-,needs_style_review,SEMI_PARAMETRIC,72,parametric_swept,True,False,GF 2.1 9x21 38dB,1,downloaded,https://github.com/ThatOpen/engine_web-ifc,Autodesk Revit 2019 (ENG); open test fixture,open fixture; verify per-file author/license
F136,ISSUE_068_ARK_NUS_skolebygg.ifc,Autodesk Revit 2019 (ENG),IFC2X3,UNCLASSIFIED,-,RECT,UNKNOWN,SINGLE,low,none,name='vindu-fast:gf 16.1 5x31 38db:2' part=NOTDEFINED panel_ops=-,needs_style_review,SEMI_PARAMETRIC,72,parametric_swept,True,False,GF 16.1 5x31 38dB,2,downloaded,https://github.com/ThatOpen/engine_web-ifc,Autodesk Revit 2019 (ENG); open test fixture,open fixture; verify per-file author/license
F137,ISSUE_068_ARK_NUS_skolebygg.ifc,Autodesk Revit 2019 (ENG),IFC2X3,UNCLASSIFIED,-,RECT,UNKNOWN,SINGLE,low,none,name='vindu-fast:gf 12.1 6x31 38db:2' part=NOTDEFINED panel_ops=-,needs_style_review,SEMI_PARAMETRIC,72,parametric_swept,True,False,GF 12.1 6x31 38dB,5,downloaded,https://github.com/ThatOpen/engine_web-ifc,Autodesk Revit 2019 (ENG); open test fixture,open fixture; verify per-file author/license
F138,ISSUE_068_ARK_NUS_skolebygg.ifc,Autodesk Revit 2019 (ENG),IFC2X3,UNCLASSIFIED,-,RECT,UNKNOWN,SINGLE,low,none,name='vindu-fast:gf 2.2 9x21 33db:30' part=NOTDEFINED panel_ops=-,needs_style_review,SEMI_PARAMETRIC,72,parametric_swept,True,False,GF 2.2 9x21 33dB,2,downloaded,https://github.com/ThatOpen/engine_web-ifc,Autodesk Revit 2019 (ENG); open test fixture,open fixture; verify per-file author/license
F139,ISSUE_068_ARK_NUS_skolebygg.ifc,Autodesk Revit 2019 (ENG),IFC2X3,UNCLASSIFIED,-,RECT,UNKNOWN,SINGLE,low,none,name='vindu-fast:gf 12.1 6x31 38db:3' part=NOTDEFINED panel_ops=-,needs_style_review,SEMI_PARAMETRIC,72,parametric_swept,True,False,GF 12.1 6x31 38dB,2,downloaded,https://github.com/ThatOpen/engine_web-ifc,Autodesk Revit 2019 (ENG); open test fixture,open fixture; verify per-file author/license
F140,ISSUE_068_ARK_NUS_skolebygg.ifc,Autodesk Revit 2019 (ENG),IFC2X3,UNCLASSIFIED,-,RECT,UNKNOWN,SINGLE,low,none,name='vindu-fast:gf 12.1 6x31 38db:3' part=NOTDEFINED panel_ops=-,needs_style_review,SEMI_PARAMETRIC,72,parametric_swept,True,False,GF 12.1 6x31 38dB,2,downloaded,https://github.com/ThatOpen/engine_web-ifc,Autodesk Revit 2019 (ENG); open test fixture,open fixture; verify per-file author/license
F141,ISSUE_068_ARK_NUS_skolebygg.ifc,Autodesk Revit 2019 (ENG),IFC2X3,UNCLASSIFIED,-,RECT,UNKNOWN,SINGLE,low,none,name='vindu-fast:gf 10.1 8x27 33db:3' part=NOTDEFINED panel_ops=-,needs_style_review,SEMI_PARAMETRIC,72,parametric_swept,True,False,GF 10.1 8x27 33dB,1,downloaded,https://github.com/ThatOpen/engine_web-ifc,Autodesk Revit 2019 (ENG); open test fixture,open fixture; verify per-file author/license
F142,ISSUE_068_ARK_NUS_skolebygg.ifc,Autodesk Revit 2019 (ENG),IFC2X3,UNCLASSIFIED,-,RECT,UNKNOWN,SINGLE,low,none,name='vindu-fast:gf 10.1 8x27 33db:3' part=NOTDEFINED panel_ops=-,needs_style_review,SEMI_PARAMETRIC,72,parametric_swept,True,False,GF 10.1 8x27 33dB,1,downloaded,https://github.com/ThatOpen/engine_web-ifc,Autodesk Revit 2019 (ENG); open test fixture,open fixture; verify per-file author/license
F143,ISSUE_068_ARK_NUS_skolebygg.ifc,Autodesk Revit 2019 (ENG),IFC2X3,UNCLASSIFIED,-,RECT,UNKNOWN,SINGLE,low,none,name='vindu-fast:v3 18x22:3466359 v3' part=NOTDEFINED panel_ops=-,needs_style_review,SEMI_PARAMETRIC,72,parametric_swept,True,False,V3 18x22,2,downloaded,https://github.com/ThatOpen/engine_web-ifc,Autodesk Revit 2019 (ENG); open test fixture,open fixture; verify per-file author/license
F144,ISSUE_068_ARK_NUS_skolebygg.ifc,Autodesk Revit 2019 (ENG),IFC2X3,UNCLASSIFIED,-,RECT,UNKNOWN,SINGLE,low,none,name='vindu-hengslet:gf 8.2 58db:356' part=NOTDEFINED panel_ops=-,needs_style_review,SEMI_PARAMETRIC,72,parametric_swept,True,False,GF 8.2 58dB,1,downloaded,https://github.com/ThatOpen/engine_web-ifc,Autodesk Revit 2019 (ENG); open test fixture,open fixture; verify per-file author/license
F145,ISSUE_068_ARK_NUS_skolebygg.ifc,Autodesk Revit 2019 (ENG),IFC2X3,UNCLASSIFIED,-,RECT,UNKNOWN,SINGLE,low,none,name='vindu-fast:gf 2.1 9x21 38db:40' part=NOTDEFINED panel_ops=-,needs_style_review,SEMI_PARAMETRIC,72,parametric_swept,True,False,GF 2.1 9x21 38dB,1,downloaded,https://github.com/ThatOpen/engine_web-ifc,Autodesk Revit 2019 (ENG); open test fixture,open fixture; verify per-file author/license
F146,ISSUE_068_ARK_NUS_skolebygg.ifc,Autodesk Revit 2019 (ENG),IFC2X3,UNCLASSIFIED,-,RECT,UNKNOWN,SINGLE,low,none,name='vindu-fast:gf 2.1 9x21 38db:40' part=NOTDEFINED panel_ops=-,needs_style_review,SEMI_PARAMETRIC,72,parametric_swept,True,False,GF 2.1 9x21 38dB,1,downloaded,https://github.com/ThatOpen/engine_web-ifc,Autodesk Revit 2019 (ENG); open test fixture,open fixture; verify per-file author/license
F147,ISSUE_068_ARK_NUS_skolebygg.ifc,Autodesk Revit 2019 (ENG),IFC2X3,UNCLASSIFIED,-,RECT,UNKNOWN,SINGLE,low,none,name='vindu-fast:v5 8x22:4272094 v5 ' part=NOTDEFINED panel_ops=-,needs_style_review,SEMI_PARAMETRIC,72,parametric_swept,True,False,V5 8x22,1,downloaded,https://github.com/ThatOpen/engine_web-ifc,Autodesk Revit 2019 (ENG); open test fixture,open fixture; verify per-file author/license
F148,ISSUE_068_ARK_NUS_skolebygg.ifc,Autodesk Revit 2019 (ENG),IFC2X3,UNCLASSIFIED,-,RECT,UNKNOWN,SINGLE,low,none,name='vindu-fast:gfa 3 8x27 38db:480' part=NOTDEFINED panel_ops=-,needs_style_review,SEMI_PARAMETRIC,72,parametric_swept,True,False,GFA 3 8x27 38dB,1,downloaded,https://github.com/ThatOpen/engine_web-ifc,Autodesk Revit 2019 (ENG); open test fixture,open fixture; verify per-file author/license
F149,ISSUE_068_ARK_NUS_skolebygg.ifc,Autodesk Revit 2019 (ENG),IFC2X3,UNCLASSIFIED,-,RECT,UNKNOWN,SINGLE,low,none,name='vindu-fast:gf 1.3 12x21 38db:5' part=NOTDEFINED panel_ops=-,needs_style_review,SEMI_PARAMETRIC,72,parametric_swept,True,False,GF 1.3 12x21 38dB,2,downloaded,https://github.com/ThatOpen/engine_web-ifc,Autodesk Revit 2019 (ENG); open test fixture,open fixture; verify per-file author/license
F150,ISSUE_068_ARK_NUS_skolebygg.ifc,Autodesk Revit 2019 (ENG),IFC2X3,UNCLASSIFIED,-,RECT,UNKNOWN,SINGLE,low,none,name='vindu_3felt:gf 13.1 36x21 38db' part=NOTDEFINED panel_ops=-,needs_style_review,SEMI_PARAMETRIC,72,parametric_swept,True,False,GF 13.1 36x21 38dB,1,downloaded,https://github.com/ThatOpen/engine_web-ifc,Autodesk Revit 2019 (ENG); open test fixture,open fixture; verify per-file author/license
F151,ISSUE_068_ARK_NUS_skolebygg.ifc,Autodesk Revit 2019 (ENG),IFC2X3,UNCLASSIFIED,-,RECT,UNKNOWN,SINGLE,low,none,name='vindu_3felt:gf 13.1 36x21 38db' part=NOTDEFINED panel_ops=-,needs_style_review,SEMI_PARAMETRIC,72,parametric_swept,True,False,GF 13.1 36x21 38dB,1,downloaded,https://github.com/ThatOpen/engine_web-ifc,Autodesk Revit 2019 (ENG); open test fixture,open fixture; verify per-file author/license
F152,ISSUE_068_ARK_NUS_skolebygg.ifc,Autodesk Revit 2019 (ENG),IFC2X3,UNCLASSIFIED,-,RECT,UNKNOWN,SINGLE,low,none,name='vindu_2felt:gf 14.1:5156029 gf' part=NOTDEFINED panel_ops=-,needs_style_review,SEMI_PARAMETRIC,72,parametric_swept,True,False,GF 14.1,1,downloaded,https://github.com/ThatOpen/engine_web-ifc,Autodesk Revit 2019 (ENG); open test fixture,open fixture; verify per-file author/license
F153,ISSUE_068_ARK_NUS_skolebygg.ifc,Autodesk Revit 2019 (ENG),IFC2X3,UNCLASSIFIED,-,RECT,UNKNOWN,SINGLE,low,none,name='fast vindu+ åpningsvindu:v16 2' part=NOTDEFINED panel_ops=-,needs_style_review,SEMI_PARAMETRIC,72,parametric_swept,True,False,V16 21x16,1,downloaded,https://github.com/ThatOpen/engine_web-ifc,Autodesk Revit 2019 (ENG); open test fixture,open fixture; verify per-file author/license
F154,ISSUE_068_ARK_NUS_skolebygg.ifc,Autodesk Revit 2019 (ENG),IFC2X3,UNCLASSIFIED,-,RECT,UNKNOWN,SINGLE,low,none,name='fast vindu+ åpningsvindu:v17 2' part=NOTDEFINED panel_ops=-,needs_style_review,SEMI_PARAMETRIC,72,parametric_swept,True,False,V17 21x16,2,downloaded,https://github.com/ThatOpen/engine_web-ifc,Autodesk Revit 2019 (ENG); open test fixture,open fixture; verify per-file author/license
F155,ISSUE_068_ARK_NUS_skolebygg.ifc,Autodesk Revit 2019 (ENG),IFC2X3,UNCLASSIFIED,-,RECT,UNKNOWN,SINGLE,low,none,name='fast vindu+ åpningsvindu:v18 2' part=NOTDEFINED panel_ops=-,needs_style_review,SEMI_PARAMETRIC,72,parametric_swept,True,False,V18 21x16,2,downloaded,https://github.com/ThatOpen/engine_web-ifc,Autodesk Revit 2019 (ENG); open test fixture,open fixture; verify per-file author/license
F156,ISSUE_068_ARK_NUS_skolebygg.ifc,Autodesk Revit 2019 (ENG),IFC2X3,UNCLASSIFIED,-,RECT,UNKNOWN,SINGLE,low,none,name='fast vindu+ åpningsvindu:v19 2' part=NOTDEFINED panel_ops=-,needs_style_review,SEMI_PARAMETRIC,72,parametric_swept,True,False,V19 21x16,1,downloaded,https://github.com/ThatOpen/engine_web-ifc,Autodesk Revit 2019 (ENG); open test fixture,open fixture; verify per-file author/license
F157,ISSUE_068_ARK_NUS_skolebygg.ifc,Autodesk Revit 2019 (ENG),IFC2X3,UNCLASSIFIED,-,RECT,UNKNOWN,SINGLE,low,none,name='fast vindu+ åpningsvindu:v19 2' part=NOTDEFINED panel_ops=-,needs_style_review,SEMI_PARAMETRIC,72,parametric_swept,True,False,V19 21x16,1,downloaded,https://github.com/ThatOpen/engine_web-ifc,Autodesk Revit 2019 (ENG); open test fixture,open fixture; verify per-file author/license
F158,ISSUE_068_ARK_NUS_skolebygg.ifc,Autodesk Revit 2019 (ENG),IFC2X3,UNCLASSIFIED,-,RECT,UNKNOWN,SINGLE,low,none,name='fast vindu+ åpningsvindu:v20 1' part=NOTDEFINED panel_ops=-,needs_style_review,SEMI_PARAMETRIC,72,parametric_swept,True,False,V20 19x16,1,downloaded,https://github.com/ThatOpen/engine_web-ifc,Autodesk Revit 2019 (ENG); open test fixture,open fixture; verify per-file author/license
F159,ISSUE_068_ARK_NUS_skolebygg.ifc,Autodesk Revit 2019 (ENG),IFC2X3,UNCLASSIFIED,-,RECT,UNKNOWN,SINGLE,low,none,name='fast vindu+ åpningsvindu:v15 2' part=NOTDEFINED panel_ops=-,needs_style_review,SEMI_PARAMETRIC,72,parametric_swept,True,False,V15 24x16,1,downloaded,https://github.com/ThatOpen/engine_web-ifc,Autodesk Revit 2019 (ENG); open test fixture,open fixture; verify per-file author/license
F160,ISSUE_068_ARK_NUS_skolebygg.ifc,Autodesk Revit 2019 (ENG),IFC2X3,UNCLASSIFIED,-,RECT,UNKNOWN,SINGLE,low,none,name='fast vindu+ åpningsvindu:v21 3' part=NOTDEFINED panel_ops=-,needs_style_review,SEMI_PARAMETRIC,72,parametric_swept,True,False,V21 35x16,2,downloaded,https://github.com/ThatOpen/engine_web-ifc,Autodesk Revit 2019 (ENG); open test fixture,open fixture; verify per-file author/license
F161,ISSUE_068_ARK_NUS_skolebygg.ifc,Autodesk Revit 2019 (ENG),IFC2X3,UNCLASSIFIED,-,RECT,UNKNOWN,SINGLE,low,none,name='vindu 3 felt:v7 24x22:5436093 ' part=NOTDEFINED panel_ops=-,needs_style_review,SEMI_PARAMETRIC,72,parametric_swept,True,False,V7 24x22,4,downloaded,https://github.com/ThatOpen/engine_web-ifc,Autodesk Revit 2019 (ENG); open test fixture,open fixture; verify per-file author/license
F162,ISSUE_068_ARK_NUS_skolebygg.ifc,Autodesk Revit 2019 (ENG),IFC2X3,UNCLASSIFIED,-,RECT,UNKNOWN,SINGLE,low,none,name='vindu 3 felt:v11 35x22:5444204' part=NOTDEFINED panel_ops=-,needs_style_review,SEMI_PARAMETRIC,72,parametric_swept,True,False,V11 35x22,2,downloaded,https://github.com/ThatOpen/engine_web-ifc,Autodesk Revit 2019 (ENG); open test fixture,open fixture; verify per-file author/license
F163,ISSUE_068_ARK_NUS_skolebygg.ifc,Autodesk Revit 2019 (ENG),IFC2X3,UNCLASSIFIED,-,RECT,UNKNOWN,SINGLE,low,none,name='vindu 3 felt:v9 30x22:5444681 ' part=NOTDEFINED panel_ops=-,needs_style_review,SEMI_PARAMETRIC,72,parametric_swept,True,False,V9 30x22,3,downloaded,https://github.com/ThatOpen/engine_web-ifc,Autodesk Revit 2019 (ENG); open test fixture,open fixture; verify per-file author/license
F164,ISSUE_068_ARK_NUS_skolebygg.ifc,Autodesk Revit 2019 (ENG),IFC2X3,UNCLASSIFIED,-,RECT,UNKNOWN,SINGLE,low,none,name='vindu 3 felt:v10 30x22:5444956' part=NOTDEFINED panel_ops=-,needs_style_review,SEMI_PARAMETRIC,72,parametric_swept,True,False,V10 30x22,1,downloaded,https://github.com/ThatOpen/engine_web-ifc,Autodesk Revit 2019 (ENG); open test fixture,open fixture; verify per-file author/license
F165,ISSUE_068_ARK_NUS_skolebygg.ifc,Autodesk Revit 2019 (ENG),IFC2X3,UNCLASSIFIED,-,RECT,UNKNOWN,SINGLE,low,none,name='vindu 3 felt:v9 30x22:5445253 ' part=NOTDEFINED panel_ops=-,needs_style_review,SEMI_PARAMETRIC,72,parametric_swept,True,False,V9 30x22,2,downloaded,https://github.com/ThatOpen/engine_web-ifc,Autodesk Revit 2019 (ENG); open test fixture,open fixture; verify per-file author/license
F166,ISSUE_068_ARK_NUS_skolebygg.ifc,Autodesk Revit 2019 (ENG),IFC2X3,UNCLASSIFIED,-,RECT,UNKNOWN,SINGLE,low,none,name='vindu 3 felt:v8 27x22:5445842 ' part=NOTDEFINED panel_ops=-,needs_style_review,SEMI_PARAMETRIC,72,parametric_swept,True,False,V8 27x22,3,downloaded,https://github.com/ThatOpen/engine_web-ifc,Autodesk Revit 2019 (ENG); open test fixture,open fixture; verify per-file author/license
F167,ISSUE_068_ARK_NUS_skolebygg.ifc,Autodesk Revit 2019 (ENG),IFC2X3,UNCLASSIFIED,-,RECT,UNKNOWN,SINGLE,low,none,name='vindu 3 felt:v6 24x22:5446097 ' part=NOTDEFINED panel_ops=-,needs_style_review,SEMI_PARAMETRIC,72,parametric_swept,True,False,V6 24x22,11,downloaded,https://github.com/ThatOpen/engine_web-ifc,Autodesk Revit 2019 (ENG); open test fixture,open fixture; verify per-file author/license
F168,ISSUE_068_ARK_NUS_skolebygg.ifc,Autodesk Revit 2019 (ENG),IFC2X3,UNCLASSIFIED,-,RECT,UNKNOWN,SINGLE,low,none,name='vindu 3 felt:v7 24x22:5446726 ' part=NOTDEFINED panel_ops=-,needs_style_review,SEMI_PARAMETRIC,72,parametric_swept,True,False,V7 24x22,6,downloaded,https://github.com/ThatOpen/engine_web-ifc,Autodesk Revit 2019 (ENG); open test fixture,open fixture; verify per-file author/license
F169,ISSUE_068_ARK_NUS_skolebygg.ifc,Autodesk Revit 2019 (ENG),IFC2X3,UNCLASSIFIED,-,RECT,UNKNOWN,SINGLE,low,none,name='vindu 3 felt:v10 30x22:5447393' part=NOTDEFINED panel_ops=-,needs_style_review,SEMI_PARAMETRIC,72,parametric_swept,True,False,V10 30x22,4,downloaded,https://github.com/ThatOpen/engine_web-ifc,Autodesk Revit 2019 (ENG); open test fixture,open fixture; verify per-file author/license
F170,ISSUE_068_ARK_NUS_skolebygg.ifc,Autodesk Revit 2019 (ENG),IFC2X3,UNCLASSIFIED,-,RECT,UNKNOWN,SINGLE,low,none,name='vindu 3 felt:v6 24x22:5449631 ' part=NOTDEFINED panel_ops=-,needs_style_review,SEMI_PARAMETRIC,72,parametric_swept,True,False,V6 24x22,1,downloaded,https://github.com/ThatOpen/engine_web-ifc,Autodesk Revit 2019 (ENG); open test fixture,open fixture; verify per-file author/license
F171,ISSUE_068_ARK_NUS_skolebygg.ifc,Autodesk Revit 2019 (ENG),IFC2X3,UNCLASSIFIED,-,RECT,UNKNOWN,SINGLE,low,none,name='vindu 3 felt:v12 35x22:5463949' part=NOTDEFINED panel_ops=-,needs_style_review,SEMI_PARAMETRIC,72,parametric_swept,True,False,V12 35x22,4,downloaded,https://github.com/ThatOpen/engine_web-ifc,Autodesk Revit 2019 (ENG); open test fixture,open fixture; verify per-file author/license
F172,ISSUE_068_ARK_NUS_skolebygg.ifc,Autodesk Revit 2019 (ENG),IFC2X3,UNCLASSIFIED,-,RECT,UNKNOWN,SINGLE,low,none,name='vindu 3 felt:v11 35x22:5464245' part=NOTDEFINED panel_ops=-,needs_style_review,SEMI_PARAMETRIC,72,parametric_swept,True,False,V11 35x22,7,downloaded,https://github.com/ThatOpen/engine_web-ifc,Autodesk Revit 2019 (ENG); open test fixture,open fixture; verify per-file author/license
F173,ISSUE_068_ARK_NUS_skolebygg.ifc,Autodesk Revit 2019 (ENG),IFC2X3,UNCLASSIFIED,-,RECT,UNKNOWN,SINGLE,low,none,name='vindu 3 felt:v12 35x22:5464550' part=NOTDEFINED panel_ops=-,needs_style_review,SEMI_PARAMETRIC,72,parametric_swept,True,False,V12 35x22,3,downloaded,https://github.com/ThatOpen/engine_web-ifc,Autodesk Revit 2019 (ENG); open test fixture,open fixture; verify per-file author/license
F174,ISSUE_068_ARK_NUS_skolebygg.ifc,Autodesk Revit 2019 (ENG),IFC2X3,UNCLASSIFIED,-,RECT,UNKNOWN,SINGLE,low,none,name='vindu 3 felt:v6 24x22:5472792 ' part=NOTDEFINED panel_ops=-,needs_style_review,SEMI_PARAMETRIC,72,parametric_swept,True,False,V6 24x22,1,downloaded,https://github.com/ThatOpen/engine_web-ifc,Autodesk Revit 2019 (ENG); open test fixture,open fixture; verify per-file author/license
F175,ISSUE_068_ARK_NUS_skolebygg.ifc,Autodesk Revit 2019 (ENG),IFC2X3,UNCLASSIFIED,-,RECT,UNKNOWN,SINGLE,low,none,name='vindu-fast:gf 14.2 12x21 33db ' part=NOTDEFINED panel_ops=-,needs_style_review,SEMI_PARAMETRIC,72,parametric_swept,True,False,GF 14.2 12x21 33dB E30,2,downloaded,https://github.com/ThatOpen/engine_web-ifc,Autodesk Revit 2019 (ENG); open test fixture,open fixture; verify per-file author/license
F176,ISSUE_098_R8_F1_MAB_AR_M3_XX_XXX_MO_7000.ifc,Autodesk Revit 2022 (ENG),IFC2X3,UNCLASSIFIED,-,RECT,UNKNOWN,SINGLE,low,none,name='0ar_fin_fi000 - 1a:0ar_fin_fi0' part=SINGLE_PANEL panel_ops=-,needs_style_review,SEMI_PARAMETRIC,77,parametric_swept,True,False,0AR_FIN_FI000 - 1A:0AR_FIN_FI002 - 80x140 cm,68,downloaded,https://github.com/ThatOpen/engine_web-ifc,Autodesk Revit 2022 (ENG); open test fixture,open fixture; verify per-file author/license
F177,ISSUE_098_R8_F1_MAB_AR_M3_XX_XXX_MO_7000.ifc,Autodesk Revit 2022 (ENG),IFC2X3,UNCLASSIFIED,-,RECT,UNKNOWN,SINGLE,low,none,name='0ar_fin_fi000 - 2a:0ar_fin_fi0' part=SINGLE_PANEL panel_ops=-,needs_style_review,SEMI_PARAMETRIC,77,parametric_swept,True,False,0AR_FIN_FI000 - 2A:0AR_FIN_FI004_220x250 cm,14,downloaded,https://github.com/ThatOpen/engine_web-ifc,Autodesk Revit 2022 (ENG); open test fixture,open fixture; verify per-file author/license
F178,ISSUE_098_R8_F1_MAB_AR_M3_XX_XXX_MO_7000.ifc,Autodesk Revit 2022 (ENG),IFC2X3,UNCLASSIFIED,-,RECT,UNKNOWN,SINGLE,low,none,name='0ar_fin_fi000 - 2a:0ar_fin_fi0' part=SINGLE_PANEL panel_ops=-,needs_style_review,SEMI_PARAMETRIC,77,parametric_swept,True,False,0AR_FIN_FI000 - 2A:0AR_FIN_FI003_160x250 cm,89,downloaded,https://github.com/ThatOpen/engine_web-ifc,Autodesk Revit 2022 (ENG); open test fixture,open fixture; verify per-file author/license
F179,ISSUE_098_R8_F1_MAB_AR_M3_XX_XXX_MO_7000.ifc,Autodesk Revit 2022 (ENG),IFC2X3,UNCLASSIFIED,-,RECT,UNKNOWN,SINGLE,low,none,name='0ar_fin_fi000 - 2a:0ar_fin_fi0' part=SINGLE_PANEL panel_ops=-,needs_style_review,SEMI_PARAMETRIC,77,parametric_swept,True,False,0AR_FIN_FI000 - 2A:0AR_FIN_FI004_220x250 cm,121,downloaded,https://github.com/ThatOpen/engine_web-ifc,Autodesk Revit 2022 (ENG); open test fixture,open fixture; verify per-file author/license
F180,ISSUE_098_R8_F1_MAB_AR_M3_XX_XXX_MO_7000.ifc,Autodesk Revit 2022 (ENG),IFC2X3,UNCLASSIFIED,-,RECT,UNKNOWN,SINGLE,low,none,name='0ar_fin_fi000 - 1a:0ar_fin_fi0' part=SINGLE_PANEL panel_ops=-,needs_style_review,SEMI_PARAMETRIC,77,parametric_swept,True,False,0AR_FIN_FI000 - 1A:0AR_FIN_FI001 - 80x250 cm,165,downloaded,https://github.com/ThatOpen/engine_web-ifc,Autodesk Revit 2022 (ENG); open test fixture,open fixture; verify per-file author/license
F181,ISSUE_098_R8_F1_MAB_AR_M3_XX_XXX_MO_7000.ifc,Autodesk Revit 2022 (ENG),IFC2X3,UNCLASSIFIED,-,RECT,UNKNOWN,SINGLE,low,none,name='0ar_fin_fi000 - 2a:0ar_fin_fi0' part=SINGLE_PANEL panel_ops=-,needs_style_review,SEMI_PARAMETRIC,77,parametric_swept,True,False,0AR_FIN_FI000 - 2A:0AR_FIN_FI005_120x250 cm,207,downloaded,https://github.com/ThatOpen/engine_web-ifc,Autodesk Revit 2022 (ENG); open test fixture,open fixture; verify per-file author/license
F182,ISSUE_098_R8_F1_MAB_AR_M3_XX_XXX_MO_7000.ifc,Autodesk Revit 2022 (ENG),IFC2X3,UNCLASSIFIED,-,RECT,UNKNOWN,SINGLE,low,none,name='0ar_fin_fi000 - 2a:0ar_fin_fi0' part=SINGLE_PANEL panel_ops=-,needs_style_review,SEMI_PARAMETRIC,77,parametric_swept,True,False,0AR_FIN_FI000 - 2A:0AR_FIN_FI004_220x250 cm,52,downloaded,https://github.com/ThatOpen/engine_web-ifc,Autodesk Revit 2022 (ENG); open test fixture,open fixture; verify per-file author/license
F183,ISSUE_098_R8_F1_MAB_AR_M3_XX_XXX_MO_7000.ifc,Autodesk Revit 2022 (ENG),IFC2X3,UNCLASSIFIED,-,RECT,UNKNOWN,SINGLE,low,none,name='0ar_fin_fi000 - 2a:0ar_fin_fi0' part=SINGLE_PANEL panel_ops=-,needs_style_review,SEMI_PARAMETRIC,77,parametric_swept,True,False,0AR_FIN_FI000 - 2A:0AR_FIN_FI005_120x250 cm,98,downloaded,https://github.com/ThatOpen/engine_web-ifc,Autodesk Revit 2022 (ENG); open test fixture,open fixture; verify per-file author/license
F184,ISSUE_098_R8_F1_MAB_AR_M3_XX_XXX_MO_7000.ifc,Autodesk Revit 2022 (ENG),IFC2X3,UNCLASSIFIED,-,RECT,UNKNOWN,SINGLE,low,none,name='0ar_fin_fi000 - 2a:0ar_fin_fi0' part=SINGLE_PANEL panel_ops=-,needs_style_review,SEMI_PARAMETRIC,77,parametric_swept,True,False,0AR_FIN_FI000 - 2A:0AR_FIN_FI003_160x250 cm,39,downloaded,https://github.com/ThatOpen/engine_web-ifc,Autodesk Revit 2022 (ENG); open test fixture,open fixture; verify per-file author/license
F185,ISSUE_098_R8_F1_MAB_AR_M3_XX_XXX_MO_7000.ifc,Autodesk Revit 2022 (ENG),IFC2X3,UNCLASSIFIED,-,RECT,UNKNOWN,SINGLE,low,none,name='0ar_fin_fi000 - 1a:0ar_fin_fi0' part=SINGLE_PANEL panel_ops=-,needs_style_review,SEMI_PARAMETRIC,77,parametric_swept,True,False,0AR_FIN_FI000 - 1A:0AR_FIN_FI002 - 80x140 cm,33,downloaded,https://github.com/ThatOpen/engine_web-ifc,Autodesk Revit 2022 (ENG); open test fixture,open fixture; verify per-file author/license
F186,ISSUE_098_R8_F1_MAB_AR_M3_XX_XXX_MO_7000.ifc,Autodesk Revit 2022 (ENG),IFC2X3,UNCLASSIFIED,-,RECT,UNKNOWN,SINGLE,low,none,name='0ar_fin_fi000 - 1a:0ar_fin_fi0' part=SINGLE_PANEL panel_ops=-,needs_style_review,SEMI_PARAMETRIC,77,parametric_swept,True,False,0AR_FIN_FI000 - 1A:0AR_FIN_FI001 - 80x250 cm,75,downloaded,https://github.com/ThatOpen/engine_web-ifc,Autodesk Revit 2022 (ENG); open test fixture,open fixture; verify per-file author/license
F187,ISSUE_098_R8_F1_MAB_AR_M3_XX_XXX_MO_7000.ifc,Autodesk Revit 2022 (ENG),IFC2X3,UNCLASSIFIED,-,RECT,UNKNOWN,SINGLE,low,none,name='0ar_fin_fi000 - 1a:0ar_fin_fi0' part=SINGLE_PANEL panel_ops=-,needs_style_review,SEMI_PARAMETRIC,77,parametric_swept,True,False,0AR_FIN_FI000 - 1A:0AR_FIN_FI001 - 80x250 cm,83,downloaded,https://github.com/ThatOpen/engine_web-ifc,Autodesk Revit 2022 (ENG); open test fixture,open fixture; verify per-file author/license
F188,ISSUE_098_R8_F1_MAB_AR_M3_XX_XXX_MO_7000.ifc,Autodesk Revit 2022 (ENG),IFC2X3,UNCLASSIFIED,-,RECT,UNKNOWN,SINGLE,low,none,name='0ar_fin_fi000 - 1a:0ar_fin_fi0' part=SINGLE_PANEL panel_ops=-,needs_style_review,SEMI_PARAMETRIC,77,parametric_swept,True,False,0AR_FIN_FI000 - 1A:0AR_FIN_FI001 - 80x250 cm,3,downloaded,https://github.com/ThatOpen/engine_web-ifc,Autodesk Revit 2022 (ENG); open test fixture,open fixture; verify per-file author/license
F189,ISSUE_098_R8_F1_MAB_AR_M3_XX_XXX_MO_7000.ifc,Autodesk Revit 2022 (ENG),IFC2X3,UNCLASSIFIED,-,RECT,UNKNOWN,SINGLE,low,none,name='0ar_fin_fi000 - 2a:0ar_fin_fi0' part=SINGLE_PANEL panel_ops=-,needs_style_review,SEMI_PARAMETRIC,77,parametric_swept,True,False,0AR_FIN_FI000 - 2A:0AR_FIN_FI005_120x250 cm,3,downloaded,https://github.com/ThatOpen/engine_web-ifc,Autodesk Revit 2022 (ENG); open test fixture,open fixture; verify per-file author/license
F190,ISSUE_098_R8_F1_MAB_AR_M3_XX_XXX_MO_7000.ifc,Autodesk Revit 2022 (ENG),IFC2X3,UNCLASSIFIED,-,RECT,UNKNOWN,SINGLE,low,none,name='0ar_fin_fi000 - 1a:0ar_fin_fi0' part=SINGLE_PANEL panel_ops=-,needs_style_review,SEMI_PARAMETRIC,77,parametric_swept,True,False,0AR_FIN_FI000 - 1A:0AR_FIN_FI002 - 80x140 cm,7,downloaded,https://github.com/ThatOpen/engine_web-ifc,Autodesk Revit 2022 (ENG); open test fixture,open fixture; verify per-file author/license
F191,ISSUE_098_R8_F1_MAB_AR_M3_XX_XXX_MO_7000.ifc,Autodesk Revit 2022 (ENG),IFC2X3,UNCLASSIFIED,-,RECT,UNKNOWN,SINGLE,low,none,name='0ar_fin_fi000 - 2a:0ar_fin_fi0' part=SINGLE_PANEL panel_ops=-,needs_style_review,SEMI_PARAMETRIC,77,parametric_swept,True,False,0AR_FIN_FI000 - 2A:0AR_FIN_FI003_160x250 cm,4,downloaded,https://github.com/ThatOpen/engine_web-ifc,Autodesk Revit 2022 (ENG); open test fixture,open fixture; verify per-file author/license
F192,ISSUE_098_R8_F1_MAB_AR_M3_XX_XXX_MO_7000.ifc,Autodesk Revit 2022 (ENG),IFC2X3,UNCLASSIFIED,-,RECT,UNKNOWN,SINGLE,low,none,name='0ar_fin_fi000 - 2a:0ar_fin_fi0' part=SINGLE_PANEL panel_ops=-,needs_style_review,SEMI_PARAMETRIC,77,parametric_swept,True,False,0AR_FIN_FI000 - 2A:0AR_FIN_FI005_120x250 cm,29,downloaded,https://github.com/ThatOpen/engine_web-ifc,Autodesk Revit 2022 (ENG); open test fixture,open fixture; verify per-file author/license
F193,ISSUE_098_R8_F1_MAB_AR_M3_XX_XXX_MO_7000.ifc,Autodesk Revit 2022 (ENG),IFC2X3,UNCLASSIFIED,-,RECT,UNKNOWN,SINGLE,low,none,name='0ar_fin_fi000 - 1a:0ar_fin_fi0' part=SINGLE_PANEL panel_ops=-,needs_style_review,SEMI_PARAMETRIC,77,parametric_swept,True,False,0AR_FIN_FI000 - 1A:0AR_FIN_FI001 - 80x250 cm,1,downloaded,https://github.com/ThatOpen/engine_web-ifc,Autodesk Revit 2022 (ENG); open test fixture,open fixture; verify per-file author/license
F194,ISSUE_098_R8_F1_MAB_AR_M3_XX_XXX_MO_7000.ifc,Autodesk Revit 2022 (ENG),IFC2X3,UNCLASSIFIED,-,RECT,UNKNOWN,SINGLE,low,none,name='0ar_fin_fi000 - 1a:0ar_fin_fi0' part=SINGLE_PANEL panel_ops=-,needs_style_review,SEMI_PARAMETRIC,77,parametric_swept,True,False,0AR_FIN_FI000 - 1A:0AR_FIN_FI002 - 80x140 cm,19,downloaded,https://github.com/ThatOpen/engine_web-ifc,Autodesk Revit 2022 (ENG); open test fixture,open fixture; verify per-file author/license
F195,ISSUE_098_R8_F1_MAB_AR_M3_XX_XXX_MO_7000.ifc,Autodesk Revit 2022 (ENG),IFC2X3,UNCLASSIFIED,-,RECT,UNKNOWN,SINGLE,low,none,name='0ar_fin_fi000 - 1a:0ar_fin_fi0' part=SINGLE_PANEL panel_ops=-,needs_style_review,SEMI_PARAMETRIC,77,parametric_swept,True,False,0AR_FIN_FI000 - 1A:0AR_FIN_FI001 - 80x250 cm,42,downloaded,https://github.com/ThatOpen/engine_web-ifc,Autodesk Revit 2022 (ENG); open test fixture,open fixture; verify per-file author/license
F196,ISSUE_098_R8_F1_MAB_AR_M3_XX_XXX_MO_7000.ifc,Autodesk Revit 2022 (ENG),IFC2X3,UNCLASSIFIED,-,RECT,UNKNOWN,SINGLE,low,none,name='0ar_fin_fi000 - 2a:0ar_fin_fi0' part=SINGLE_PANEL panel_ops=-,needs_style_review,SEMI_PARAMETRIC,77,parametric_swept,True,False,0AR_FIN_FI000 - 2A:0AR_FIN_FI003_160x250 cm,10,downloaded,https://github.com/ThatOpen/engine_web-ifc,Autodesk Revit 2022 (ENG); open test fixture,open fixture; verify per-file author/license
F197,ISSUE_098_R8_F1_MAB_AR_M3_XX_XXX_MO_7000.ifc,Autodesk Revit 2022 (ENG),IFC2X3,UNCLASSIFIED,-,RECT,UNKNOWN,SINGLE,low,none,name='0ar_fin_fi000 - 2a:0ar_fin_fi0' part=SINGLE_PANEL panel_ops=-,needs_style_review,SEMI_PARAMETRIC,77,parametric_swept,True,False,0AR_FIN_FI000 - 2A:0AR_FIN_FI005_120x250 cm,1,downloaded,https://github.com/ThatOpen/engine_web-ifc,Autodesk Revit 2022 (ENG); open test fixture,open fixture; verify per-file author/license
F198,ISSUE_098_R8_F1_MAB_AR_M3_XX_XXX_MO_7000.ifc,Autodesk Revit 2022 (ENG),IFC2X3,UNCLASSIFIED,-,RECT,UNKNOWN,SINGLE,low,none,name='0ar_fin_fi000 - 2a:0ar_fin_fi0' part=SINGLE_PANEL panel_ops=-,needs_style_review,SEMI_PARAMETRIC,77,parametric_swept,True,False,0AR_FIN_FI000 - 2A:0AR_FIN_FI003_160x250 cm,2,downloaded,https://github.com/ThatOpen/engine_web-ifc,Autodesk Revit 2022 (ENG); open test fixture,open fixture; verify per-file author/license
F199,ISSUE_098_R8_F1_MAB_AR_M3_XX_XXX_MO_7000.ifc,Autodesk Revit 2022 (ENG),IFC2X3,UNCLASSIFIED,-,RECT,UNKNOWN,SINGLE,low,none,name='0ar_fin_fi000 - 1a:0ar_fin_fi0' part=SINGLE_PANEL panel_ops=-,needs_style_review,SEMI_PARAMETRIC,77,parametric_swept,True,False,0AR_FIN_FI000 - 1A:0AR_FIN_FI002 - 80x140 cm,4,downloaded,https://github.com/ThatOpen/engine_web-ifc,Autodesk Revit 2022 (ENG); open test fixture,open fixture; verify per-file author/license
F200,ISSUE_098_R8_F1_MAB_AR_M3_XX_XXX_MO_7000.ifc,Autodesk Revit 2022 (ENG),IFC2X3,UNCLASSIFIED,-,RECT,UNKNOWN,SINGLE,low,none,name='0ar_fin_fi000 - 1a:0ar_fin_fi0' part=SINGLE_PANEL panel_ops=-,needs_style_review,SEMI_PARAMETRIC,77,parametric_swept,True,False,0AR_FIN_FI000 - 1A:0AR_FIN_FI001 - 80x250 cm,1,downloaded,https://github.com/ThatOpen/engine_web-ifc,Autodesk Revit 2022 (ENG); open test fixture,open fixture; verify per-file author/license
F201,ISSUE_098_R8_F1_MAB_AR_M3_XX_XXX_MO_7000.ifc,Autodesk Revit 2022 (ENG),IFC2X3,UNCLASSIFIED,-,RECT,UNKNOWN,SINGLE,low,none,name='0ar_fin_fi000 - 2a:0ar_fin_fi0' part=SINGLE_PANEL panel_ops=-,needs_style_review,SEMI_PARAMETRIC,77,parametric_swept,True,False,0AR_FIN_FI000 - 2A:0AR_FIN_FI005_120x250 cm,3,downloaded,https://github.com/ThatOpen/engine_web-ifc,Autodesk Revit 2022 (ENG); open test fixture,open fixture; verify per-file author/license
F202,ISSUE_098_R8_F1_MAB_AR_M3_XX_XXX_MO_7000.ifc,Autodesk Revit 2022 (ENG),IFC2X3,UNCLASSIFIED,-,RECT,UNKNOWN,SINGLE,low,none,name='0ar_fin_fi000 - 2a:0ar_fin_fi0' part=SINGLE_PANEL panel_ops=-,needs_style_review,SEMI_PARAMETRIC,77,parametric_swept,True,False,0AR_FIN_FI000 - 2A:0AR_FIN_FI005_120x250 cm,1,downloaded,https://github.com/ThatOpen/engine_web-ifc,Autodesk Revit 2022 (ENG); open test fixture,open fixture; verify per-file author/license
F203,ISSUE_098_R8_F1_MAB_AR_M3_XX_XXX_MO_7000.ifc,Autodesk Revit 2022 (ENG),IFC2X3,UNCLASSIFIED,-,RECT,UNKNOWN,SINGLE,low,none,name='0ar_fin_fi000 - 1a:0ar_fin_fi0' part=SINGLE_PANEL panel_ops=-,needs_style_review,SEMI_PARAMETRIC,77,parametric_swept,True,False,0AR_FIN_FI000 - 1A:0AR_FIN_FI001 - 80x250 cm - sottoluce,1,downloaded,https://github.com/ThatOpen/engine_web-ifc,Autodesk Revit 2022 (ENG); open test fixture,open fixture; verify per-file author/license
F204,ISSUE_098_R8_F1_MAB_AR_M3_XX_XXX_MO_7000.ifc,Autodesk Revit 2022 (ENG),IFC2X3,UNCLASSIFIED,-,RECT,UNKNOWN,SINGLE,low,none,name='0ar_fin_fi000 - 1a:0ar_fin_fi0' part=SINGLE_PANEL panel_ops=-,needs_style_review,SEMI_PARAMETRIC,77,parametric_swept,True,False,0AR_FIN_FI000 - 1A:0AR_FIN_FI001 - 80x250 cm,1,downloaded,https://github.com/ThatOpen/engine_web-ifc,Autodesk Revit 2022 (ENG); open test fixture,open fixture; verify per-file author/license
F205,ISSUE_098_R8_F1_MAB_AR_M3_XX_XXX_MO_7000.ifc,Autodesk Revit 2022 (ENG),IFC2X3,UNCLASSIFIED,-,RECT,UNKNOWN,SINGLE,low,none,name='0ar_fin_fi000 - 1a:0ar_fin_fi0' part=SINGLE_PANEL panel_ops=-,needs_style_review,SEMI_PARAMETRIC,77,parametric_swept,True,False,0AR_FIN_FI000 - 1A:0AR_FIN_FI001 - 80x250 cm - sottoluce,3,downloaded,https://github.com/ThatOpen/engine_web-ifc,Autodesk Revit 2022 (ENG); open test fixture,open fixture; verify per-file author/license
F206,ISSUE_098_R8_F1_MAB_AR_M3_XX_XXX_MO_7000.ifc,Autodesk Revit 2022 (ENG),IFC2X3,UNCLASSIFIED,-,RECT,UNKNOWN,SINGLE,low,none,name='0ar_fin_fi000 - 1a:0ar_fin_fi0' part=SINGLE_PANEL panel_ops=-,needs_style_review,SEMI_PARAMETRIC,77,parametric_swept,True,False,0AR_FIN_FI000 - 1A:0AR_FIN_FI001 - 80x250 cm - sottoluce,3,downloaded,https://github.com/ThatOpen/engine_web-ifc,Autodesk Revit 2022 (ENG); open test fixture,open fixture; verify per-file author/license
F207,ISSUE_098_R8_F1_MAB_AR_M3_XX_XXX_MO_7000.ifc,Autodesk Revit 2022 (ENG),IFC2X3,UNCLASSIFIED,-,RECT,UNKNOWN,SINGLE,low,none,name='0ar_fin_fi000 - griglia:150 x ' part=NOTDEFINED panel_ops=-,needs_style_review,SEMI_PARAMETRIC,72,parametric_swept,True,False,0AR_FIN_FI000 - griglia:150 x 230 cm,16,downloaded,https://github.com/ThatOpen/engine_web-ifc,Autodesk Revit 2022 (ENG); open test fixture,open fixture; verify per-file author/license
F208,ISSUE_098_R8_F1_MAB_AR_M3_XX_XXX_MO_7000.ifc,Autodesk Revit 2022 (ENG),IFC2X3,UNCLASSIFIED,-,RECT,UNKNOWN,SINGLE,low,none,name='0ar_fin_fi000 - griglia:200 x ' part=NOTDEFINED panel_ops=-,needs_style_review,SEMI_PARAMETRIC,72,parametric_swept,True,False,0AR_FIN_FI000 - griglia:200 x 230 cm,1,downloaded,https://github.com/ThatOpen/engine_web-ifc,Autodesk Revit 2022 (ENG); open test fixture,open fixture; verify per-file author/license
